File,Area (ha),Carbon,Risk
GMW_N00E073_1996_v3.tif,10.08,1008.0,Moderate
GMW_N00E073_2007_v3.tif,10.08,1008.0,Moderate
GMW_N00E073_2008_v3.tif,10.08,1008.0,Moderate
GMW_N00E073_2009_v3.tif,10.08,1008.0,Moderate
GMW_N00E073_2010_v3.tif,10.08,1008.0,Moderate
GMW_N00E073_2015_v3.tif,10.08,1008.0,Moderate
GMW_N00E073_2016_v3.tif,10.08,1008.0,Moderate
GMW_N00E073_2017_v3.tif,10.08,1008.0,Moderate
GMW_N00E073_2018_v3.tif,10.08,1008.0,Moderate
GMW_N00E073_2019_v3.tif,10.08,1008.0,Moderate
GMW_N00E073_2020_v3.tif,10.08,1008.0,Moderate
GMW_N01E072_1996_v3.tif,3.42,342.0,Severe Loss
GMW_N01E072_2007_v3.tif,3.42,342.0,Severe Loss
GMW_N01E072_2008_v3.tif,3.42,342.0,Severe Loss
GMW_N01E072_2009_v3.tif,3.42,342.0,Severe Loss
GMW_N01E072_2010_v3.tif,3.42,342.0,Severe Loss
GMW_N01E072_2015_v3.tif,3.42,342.0,Severe Loss
GMW_N01E072_2016_v3.tif,3.42,342.0,Severe Loss
GMW_N01E072_2017_v3.tif,3.42,342.0,Severe Loss
GMW_N01E072_2018_v3.tif,3.42,342.0,Severe Loss
GMW_N01E072_2019_v3.tif,3.42,342.0,Severe Loss
GMW_N01E072_2020_v3.tif,3.42,342.0,Severe Loss
GMW_N05E073_1996_v3.tif,3.15,315.0,Severe Loss
GMW_N05E073_2007_v3.tif,3.15,315.0,Severe Loss
GMW_N05E073_2008_v3.tif,3.15,315.0,Severe Loss
GMW_N05E073_2009_v3.tif,3.15,315.0,Severe Loss
GMW_N05E073_2010_v3.tif,3.15,315.0,Severe Loss
GMW_N05E073_2015_v3.tif,3.15,315.0,Severe Loss
GMW_N05E073_2016_v3.tif,3.15,315.0,Severe Loss
GMW_N05E073_2017_v3.tif,3.15,315.0,Severe Loss
GMW_N05E073_2018_v3.tif,3.15,315.0,Severe Loss
GMW_N05E073_2019_v3.tif,3.15,315.0,Severe Loss
GMW_N05E073_2020_v3.tif,3.15,315.0,Severe Loss
GMW_N06E073_1996_v3.tif,42.3,4230.0,Moderate
GMW_N06E073_2007_v3.tif,42.3,4230.0,Moderate
GMW_N06E073_2008_v3.tif,42.3,4230.0,Moderate
GMW_N06E073_2009_v3.tif,42.3,4230.0,Moderate
GMW_N06E073_2010_v3.tif,42.3,4230.0,Moderate
GMW_N06E073_2015_v3.tif,42.3,4230.0,Moderate
GMW_N06E073_2016_v3.tif,42.3,4230.0,Moderate
GMW_N06E073_2017_v3.tif,42.3,4230.0,Moderate
GMW_N06E073_2018_v3.tif,42.3,4230.0,Moderate
GMW_N06E073_2019_v3.tif,42.3,4230.0,Moderate
GMW_N06E073_2020_v3.tif,42.3,4230.0,Moderate
GMW_N06E080_1996_v3.tif,7.74,774.0,Severe Loss
GMW_N06E080_2007_v3.tif,7.74,774.0,Severe Loss
GMW_N06E080_2008_v3.tif,7.74,774.0,Severe Loss
GMW_N06E080_2009_v3.tif,7.74,774.0,Severe Loss
GMW_N06E080_2010_v3.tif,7.74,774.0,Severe Loss
GMW_N06E080_2015_v3.tif,7.74,774.0,Severe Loss
GMW_N06E080_2016_v3.tif,7.74,774.0,Severe Loss
GMW_N06E080_2017_v3.tif,7.74,774.0,Severe Loss
GMW_N06E080_2018_v3.tif,7.74,774.0,Severe Loss
GMW_N06E080_2019_v3.tif,7.74,774.0,Severe Loss
GMW_N06E080_2020_v3.tif,7.74,774.0,Severe Loss
GMW_N07E072_1996_v3.tif,1.35,135.0,Severe Loss
GMW_N07E072_2007_v3.tif,1.35,135.0,Severe Loss
GMW_N07E072_2008_v3.tif,1.35,135.0,Severe Loss
GMW_N07E072_2009_v3.tif,1.35,135.0,Severe Loss
GMW_N07E072_2010_v3.tif,1.35,135.0,Severe Loss
GMW_N07E072_2015_v3.tif,1.35,135.0,Severe Loss
GMW_N07E072_2016_v3.tif,1.35,135.0,Severe Loss
GMW_N07E072_2017_v3.tif,1.35,135.0,Severe Loss
GMW_N07E072_2018_v3.tif,1.35,135.0,Severe Loss
GMW_N07E072_2019_v3.tif,1.35,135.0,Severe Loss
GMW_N07E072_2020_v3.tif,1.35,135.0,Severe Loss
GMW_N07E073_1996_v3.tif,83.7,8370.0,Healthy
GMW_N07E073_2007_v3.tif,83.7,8370.0,Healthy
GMW_N07E073_2008_v3.tif,83.7,8370.0,Healthy
GMW_N07E073_2009_v3.tif,83.7,8370.0,Healthy
GMW_N07E073_2010_v3.tif,83.7,8370.0,Healthy
GMW_N07E073_2015_v3.tif,83.7,8370.0,Healthy
GMW_N07E073_2016_v3.tif,83.7,8370.0,Healthy
GMW_N07E073_2017_v3.tif,83.7,8370.0,Healthy
GMW_N07E073_2018_v3.tif,83.7,8370.0,Healthy
GMW_N07E073_2019_v3.tif,83.7,8370.0,Healthy
GMW_N07E073_2020_v3.tif,83.7,8370.0,Healthy
GMW_N07E080_1996_v3.tif,1611.36,161136.0,Healthy
GMW_N07E080_2007_v3.tif,1597.41,159741.0,Healthy
GMW_N07E080_2008_v3.tif,1591.65,159165.0,Healthy
GMW_N07E080_2009_v3.tif,1580.85,158085.0,Healthy
GMW_N07E080_2010_v3.tif,1582.2,158220.0,Healthy
GMW_N07E080_2015_v3.tif,1578.24,157824.0,Healthy
GMW_N07E080_2016_v3.tif,1576.08,157608.0,Healthy
GMW_N07E080_2017_v3.tif,1573.83,157383.0,Healthy
GMW_N07E080_2018_v3.tif,1565.82,156582.0,Healthy
GMW_N07E080_2019_v3.tif,1532.16,153216.0,Healthy
GMW_N07E080_2020_v3.tif,1519.83,151983.0,Healthy
GMW_N07E081_1996_v3.tif,306.9,30690.0,Healthy
GMW_N07E081_2007_v3.tif,285.48,28548.0,Healthy
GMW_N07E081_2008_v3.tif,266.76,26676.0,Healthy
GMW_N07E081_2009_v3.tif,268.38,26838.0,Healthy
GMW_N07E081_2010_v3.tif,244.17,24417.0,Healthy
GMW_N07E081_2015_v3.tif,314.46,31446.0,Healthy
GMW_N07E081_2016_v3.tif,325.08,32508.0,Healthy
GMW_N07E081_2017_v3.tif,312.84,31284.0,Healthy
GMW_N07E081_2018_v3.tif,307.44,30744.0,Healthy
GMW_N07E081_2019_v3.tif,260.64,26064.0,Healthy
GMW_N07E081_2020_v3.tif,239.04,23904.0,Healthy
GMW_N07E093_1996_v3.tif,98.01,9801.0,Healthy
GMW_N07E093_2007_v3.tif,104.22,10422.0,Healthy
GMW_N07E093_2008_v3.tif,98.28,9828.0,Healthy
GMW_N07E093_2009_v3.tif,85.68,8568.0,Healthy
GMW_N07E093_2010_v3.tif,83.61,8361.0,Healthy
GMW_N07E093_2015_v3.tif,84.24,8424.0,Healthy
GMW_N07E093_2016_v3.tif,87.3,8730.0,Healthy
GMW_N07E093_2017_v3.tif,90.72,9072.0,Healthy
GMW_N07E093_2018_v3.tif,98.64,9864.0,Healthy
GMW_N07E093_2019_v3.tif,102.06,10206.0,Healthy
GMW_N07E093_2020_v3.tif,100.53,10053.0,Healthy
GMW_N08E072_1996_v3.tif,0.9,90.0,Severe Loss
GMW_N08E072_2007_v3.tif,0.9,90.0,Severe Loss
GMW_N08E072_2008_v3.tif,0.9,90.0,Severe Loss
GMW_N08E072_2009_v3.tif,0.9,90.0,Severe Loss
GMW_N08E072_2010_v3.tif,0.9,90.0,Severe Loss
GMW_N08E072_2015_v3.tif,0.9,90.0,Severe Loss
GMW_N08E072_2016_v3.tif,0.9,90.0,Severe Loss
GMW_N08E072_2017_v3.tif,0.9,90.0,Severe Loss
GMW_N08E072_2018_v3.tif,0.9,90.0,Severe Loss
GMW_N08E072_2019_v3.tif,0.9,90.0,Severe Loss
GMW_N08E072_2020_v3.tif,0.9,90.0,Severe Loss
GMW_N08E079_1996_v3.tif,1561.32,156132.0,Healthy
GMW_N08E079_2007_v3.tif,1650.96,165096.0,Healthy
GMW_N08E079_2008_v3.tif,1694.97,169497.0,Healthy
GMW_N08E079_2009_v3.tif,1678.77,167877.0,Healthy
GMW_N08E079_2010_v3.tif,1678.86,167886.0,Healthy
GMW_N08E079_2015_v3.tif,1632.24,163224.0,Healthy
GMW_N08E079_2016_v3.tif,1583.19,158319.0,Healthy
GMW_N08E079_2017_v3.tif,1558.98,155898.0,Healthy
GMW_N08E079_2018_v3.tif,1551.24,155124.0,Healthy
GMW_N08E079_2019_v3.tif,1544.85,154485.0,Healthy
GMW_N08E079_2020_v3.tif,1573.65,157365.0,Healthy
GMW_N08E081_1996_v3.tif,8650.98,865098.0,Healthy
GMW_N08E081_2007_v3.tif,7171.2,717120.0,Healthy
GMW_N08E081_2008_v3.tif,5930.1,593010.0,Healthy
GMW_N08E081_2009_v3.tif,5183.01,518301.0,Healthy
GMW_N08E081_2010_v3.tif,4963.32,496332.0,Healthy
GMW_N08E081_2015_v3.tif,5073.39,507339.0,Healthy
GMW_N08E081_2016_v3.tif,6075.36,607536.0,Healthy
GMW_N08E081_2017_v3.tif,6388.11,638811.0,Healthy
GMW_N08E081_2018_v3.tif,6190.2,619020.0,Healthy
GMW_N08E081_2019_v3.tif,4691.97,469197.0,Healthy
GMW_N08E081_2020_v3.tif,4016.25,401625.0,Healthy
GMW_N08E093_1996_v3.tif,191.61,19161.0,Healthy
GMW_N08E093_2007_v3.tif,200.16,20016.0,Healthy
GMW_N08E093_2008_v3.tif,196.11,19611.0,Healthy
GMW_N08E093_2009_v3.tif,170.19,17019.0,Healthy
GMW_N08E093_2010_v3.tif,160.56,16056.0,Healthy
GMW_N08E093_2015_v3.tif,155.79,15579.0,Healthy
GMW_N08E093_2016_v3.tif,152.28,15228.0,Healthy
GMW_N08E093_2017_v3.tif,159.12,15912.0,Healthy
GMW_N08E093_2018_v3.tif,210.42,21042.0,Healthy
GMW_N08E093_2019_v3.tif,220.32,22032.0,Healthy
GMW_N08E093_2020_v3.tif,199.98,19998.0,Healthy
GMW_N09E076_1996_v3.tif,34.2,3420.0,Moderate
GMW_N09E076_2007_v3.tif,34.2,3420.0,Moderate
GMW_N09E076_2008_v3.tif,34.2,3420.0,Moderate
GMW_N09E076_2009_v3.tif,34.2,3420.0,Moderate
GMW_N09E076_2010_v3.tif,34.2,3420.0,Moderate
GMW_N09E076_2015_v3.tif,34.2,3420.0,Moderate
GMW_N09E076_2016_v3.tif,34.2,3420.0,Moderate
GMW_N09E076_2017_v3.tif,34.2,3420.0,Moderate
GMW_N09E076_2018_v3.tif,34.2,3420.0,Moderate
GMW_N09E076_2019_v3.tif,34.2,3420.0,Moderate
GMW_N09E076_2020_v3.tif,34.2,3420.0,Moderate
GMW_N09E077_1996_v3.tif,41.04,4104.0,Moderate
GMW_N09E077_2007_v3.tif,41.04,4104.0,Moderate
GMW_N09E077_2008_v3.tif,41.04,4104.0,Moderate
GMW_N09E077_2009_v3.tif,41.04,4104.0,Moderate
GMW_N09E077_2010_v3.tif,41.04,4104.0,Moderate
GMW_N09E077_2015_v3.tif,41.04,4104.0,Moderate
GMW_N09E077_2016_v3.tif,41.04,4104.0,Moderate
GMW_N09E077_2017_v3.tif,41.04,4104.0,Moderate
GMW_N09E077_2018_v3.tif,41.04,4104.0,Moderate
GMW_N09E077_2019_v3.tif,41.04,4104.0,Moderate
GMW_N09E077_2020_v3.tif,41.04,4104.0,Moderate
GMW_N09E078_1996_v3.tif,567.81,56781.0,Healthy
GMW_N09E078_2007_v3.tif,452.7,45270.0,Healthy
GMW_N09E078_2008_v3.tif,414.54,41454.0,Healthy
GMW_N09E078_2009_v3.tif,405.45,40545.0,Healthy
GMW_N09E078_2010_v3.tif,395.19,39519.0,Healthy
GMW_N09E078_2015_v3.tif,389.88,38988.0,Healthy
GMW_N09E078_2016_v3.tif,391.68,39168.0,Healthy
GMW_N09E078_2017_v3.tif,393.12,39312.0,Healthy
GMW_N09E078_2018_v3.tif,382.41,38241.0,Healthy
GMW_N09E078_2019_v3.tif,377.64,37764.0,Healthy
GMW_N09E078_2020_v3.tif,389.88,38988.0,Healthy
GMW_N09E079_1996_v3.tif,4246.56,424656.0,Healthy
GMW_N09E079_2007_v3.tif,4489.38,448938.0,Healthy
GMW_N09E079_2008_v3.tif,4476.33,447633.0,Healthy
GMW_N09E079_2009_v3.tif,4144.95,414495.0,Healthy
GMW_N09E079_2010_v3.tif,4092.66,409266.0,Healthy
GMW_N09E079_2015_v3.tif,4176.54,417654.0,Healthy
GMW_N09E079_2016_v3.tif,4214.34,421434.0,Healthy
GMW_N09E079_2017_v3.tif,4232.61,423261.0,Healthy
GMW_N09E079_2018_v3.tif,4227.03,422703.0,Healthy
GMW_N09E079_2019_v3.tif,4400.91,440091.0,Healthy
GMW_N09E079_2020_v3.tif,4468.23,446823.0,Healthy
GMW_N09E080_1996_v3.tif,546.39,54639.0,Healthy
GMW_N09E080_2007_v3.tif,517.23,51723.0,Healthy
GMW_N09E080_2008_v3.tif,458.55,45855.0,Healthy
GMW_N09E080_2009_v3.tif,438.12,43812.0,Healthy
GMW_N09E080_2010_v3.tif,438.12,43812.0,Healthy
GMW_N09E080_2015_v3.tif,463.5,46350.0,Healthy
GMW_N09E080_2016_v3.tif,473.49,47349.0,Healthy
GMW_N09E080_2017_v3.tif,478.08,47808.0,Healthy
GMW_N09E080_2018_v3.tif,482.76,48276.0,Healthy
GMW_N09E080_2019_v3.tif,490.32,49032.0,Healthy
GMW_N09E080_2020_v3.tif,500.85,50085.0,Healthy
GMW_N09E081_1996_v3.tif,5299.11,529911.0,Healthy
GMW_N09E081_2007_v3.tif,4746.87,474687.0,Healthy
GMW_N09E081_2008_v3.tif,4376.25,437625.0,Healthy
GMW_N09E081_2009_v3.tif,4193.37,419337.0,Healthy
GMW_N09E081_2010_v3.tif,4025.16,402516.0,Healthy
GMW_N09E081_2015_v3.tif,4183.02,418302.0,Healthy
GMW_N09E081_2016_v3.tif,4036.32,403632.0,Healthy
GMW_N09E081_2017_v3.tif,4000.86,400086.0,Healthy
GMW_N09E081_2018_v3.tif,3968.28,396828.0,Healthy
GMW_N09E081_2019_v3.tif,4123.71,412371.0,Healthy
GMW_N09E081_2020_v3.tif,4162.5,416250.0,Healthy
GMW_N09E093_1996_v3.tif,153.99,15399.0,Healthy
GMW_N09E093_2007_v3.tif,196.29,19629.0,Healthy
GMW_N09E093_2008_v3.tif,196.92,19692.0,Healthy
GMW_N09E093_2009_v3.tif,159.84,15984.0,Healthy
GMW_N09E093_2010_v3.tif,142.56,14256.0,Healthy
GMW_N09E093_2015_v3.tif,134.64,13464.0,Healthy
GMW_N09E093_2016_v3.tif,129.24,12924.0,Healthy
GMW_N09E093_2017_v3.tif,127.53,12753.0,Healthy
GMW_N09E093_2018_v3.tif,140.22,14022.0,Healthy
GMW_N09E093_2019_v3.tif,155.34,15534.0,Healthy
GMW_N09E093_2020_v3.tif,149.85,14985.0,Healthy
GMW_N10E076_1996_v3.tif,349.83,34983.0,Healthy
GMW_N10E076_2007_v3.tif,349.83,34983.0,Healthy
GMW_N10E076_2008_v3.tif,349.83,34983.0,Healthy
GMW_N10E076_2009_v3.tif,349.83,34983.0,Healthy
GMW_N10E076_2010_v3.tif,349.83,34983.0,Healthy
GMW_N10E076_2015_v3.tif,349.83,34983.0,Healthy
GMW_N10E076_2016_v3.tif,349.83,34983.0,Healthy
GMW_N10E076_2017_v3.tif,349.83,34983.0,Healthy
GMW_N10E076_2018_v3.tif,349.83,34983.0,Healthy
GMW_N10E076_2019_v3.tif,349.83,34983.0,Healthy
GMW_N10E076_2020_v3.tif,349.83,34983.0,Healthy
GMW_N10E078_1996_v3.tif,617.4,61740.0,Healthy
GMW_N10E078_2007_v3.tif,510.03,51003.0,Healthy
GMW_N10E078_2008_v3.tif,381.78,38178.0,Healthy
GMW_N10E078_2009_v3.tif,341.91,34191.0,Healthy
GMW_N10E078_2010_v3.tif,361.35,36135.0,Healthy
GMW_N10E078_2015_v3.tif,426.78,42678.0,Healthy
GMW_N10E078_2016_v3.tif,443.61,44361.0,Healthy
GMW_N10E078_2017_v3.tif,440.28,44028.0,Healthy
GMW_N10E078_2018_v3.tif,410.67,41067.0,Healthy
GMW_N10E078_2019_v3.tif,424.53,42453.0,Healthy
GMW_N10E078_2020_v3.tif,448.11,44811.0,Healthy
GMW_N10E079_1996_v3.tif,5063.4,506340.0,Healthy
GMW_N10E079_2007_v3.tif,3233.97,323397.0,Healthy
GMW_N10E079_2008_v3.tif,1911.33,191133.0,Healthy
GMW_N10E079_2009_v3.tif,1551.51,155151.0,Healthy
GMW_N10E079_2010_v3.tif,1515.6,151560.0,Healthy
GMW_N10E079_2015_v3.tif,1876.32,187632.0,Healthy
GMW_N10E079_2016_v3.tif,2311.83,231183.0,Healthy
GMW_N10E079_2017_v3.tif,2612.7,261270.0,Healthy
GMW_N10E079_2018_v3.tif,2570.22,257022.0,Healthy
GMW_N10E079_2019_v3.tif,2354.58,235458.0,Healthy
GMW_N10E079_2020_v3.tif,2065.05,206505.0,Healthy
GMW_N10E080_1996_v3.tif,11610.72,1161072.0,Healthy
GMW_N10E080_2007_v3.tif,10687.77,1068777.0,Healthy
GMW_N10E080_2008_v3.tif,9225.81,922581.0,Healthy
GMW_N10E080_2009_v3.tif,8585.82,858582.0,Healthy
GMW_N10E080_2010_v3.tif,8446.95,844695.0,Healthy
GMW_N10E080_2015_v3.tif,8900.19,890019.0,Healthy
GMW_N10E080_2016_v3.tif,9046.8,904680.0,Healthy
GMW_N10E080_2017_v3.tif,8960.85,896085.0,Healthy
GMW_N10E080_2018_v3.tif,8910.81,891081.0,Healthy
GMW_N10E080_2019_v3.tif,8800.11,880011.0,Healthy
GMW_N10E080_2020_v3.tif,8719.92,871992.0,Healthy
GMW_N10E092_1996_v3.tif,256.5,25650.0,Healthy
GMW_N10E092_2007_v3.tif,269.01,26901.0,Healthy
GMW_N10E092_2008_v3.tif,270.36,27036.0,Healthy
GMW_N10E092_2009_v3.tif,258.57,25857.0,Healthy
GMW_N10E092_2010_v3.tif,251.91,25191.0,Healthy
GMW_N10E092_2015_v3.tif,249.93,24993.0,Healthy
GMW_N10E092_2016_v3.tif,246.87,24687.0,Healthy
GMW_N10E092_2017_v3.tif,250.74,25074.0,Healthy
GMW_N10E092_2018_v3.tif,252.09,25209.0,Healthy
GMW_N10E092_2019_v3.tif,253.17,25317.0,Healthy
GMW_N10E092_2020_v3.tif,253.08,25308.0,Healthy
GMW_N11E075_1996_v3.tif,0.81,81.0,Severe Loss
GMW_N11E075_2007_v3.tif,0.81,81.0,Severe Loss
GMW_N11E075_2008_v3.tif,0.81,81.0,Severe Loss
GMW_N11E075_2009_v3.tif,0.81,81.0,Severe Loss
GMW_N11E075_2010_v3.tif,0.81,81.0,Severe Loss
GMW_N11E075_2015_v3.tif,0.81,81.0,Severe Loss
GMW_N11E075_2016_v3.tif,0.81,81.0,Severe Loss
GMW_N11E075_2017_v3.tif,0.81,81.0,Severe Loss
GMW_N11E075_2018_v3.tif,0.81,81.0,Severe Loss
GMW_N11E075_2019_v3.tif,0.81,81.0,Severe Loss
GMW_N11E075_2020_v3.tif,0.81,81.0,Severe Loss
GMW_N11E076_1996_v3.tif,1157.4,115740.0,Healthy
GMW_N11E076_2007_v3.tif,514.53,51453.0,Healthy
GMW_N11E076_2008_v3.tif,414.81,41481.0,Healthy
GMW_N11E076_2009_v3.tif,398.16,39816.0,Healthy
GMW_N11E076_2010_v3.tif,401.04,40104.0,Healthy
GMW_N11E076_2015_v3.tif,511.56,51156.0,Healthy
GMW_N11E076_2016_v3.tif,450.45,45045.0,Healthy
GMW_N11E076_2017_v3.tif,529.65,52965.0,Healthy
GMW_N11E076_2018_v3.tif,464.22,46422.0,Healthy
GMW_N11E076_2019_v3.tif,432.99,43299.0,Healthy
GMW_N11E076_2020_v3.tif,431.82,43182.0,Healthy
GMW_N11E079_1996_v3.tif,10655.64,1065564.0,Healthy
GMW_N11E079_2007_v3.tif,7213.95,721395.0,Healthy
GMW_N11E079_2008_v3.tif,5685.66,568566.0,Healthy
GMW_N11E079_2009_v3.tif,5131.62,513162.0,Healthy
GMW_N11E079_2010_v3.tif,5082.03,508203.0,Healthy
GMW_N11E079_2015_v3.tif,5876.55,587655.0,Healthy
GMW_N11E079_2016_v3.tif,6056.28,605628.0,Healthy
GMW_N11E079_2017_v3.tif,6143.94,614394.0,Healthy
GMW_N11E079_2018_v3.tif,6127.56,612756.0,Healthy
GMW_N11E079_2019_v3.tif,5860.8,586080.0,Healthy
GMW_N11E079_2020_v3.tif,5016.69,501669.0,Healthy
GMW_N11E092_1996_v3.tif,2822.85,282285.0,Healthy
GMW_N11E092_2007_v3.tif,2884.23,288423.0,Healthy
GMW_N11E092_2008_v3.tif,2887.11,288711.0,Healthy
GMW_N11E092_2009_v3.tif,2871.09,287109.0,Healthy
GMW_N11E092_2010_v3.tif,2881.35,288135.0,Healthy
GMW_N11E092_2015_v3.tif,2864.25,286425.0,Healthy
GMW_N11E092_2016_v3.tif,2808.81,280881.0,Healthy
GMW_N11E092_2017_v3.tif,2800.08,280008.0,Healthy
GMW_N11E092_2018_v3.tif,2831.85,283185.0,Healthy
GMW_N11E092_2019_v3.tif,2864.25,286425.0,Healthy
GMW_N11E092_2020_v3.tif,2853.18,285318.0,Healthy
GMW_N12E075_1996_v3.tif,519.93,51993.0,Healthy
GMW_N12E075_2007_v3.tif,519.93,51993.0,Healthy
GMW_N12E075_2008_v3.tif,519.93,51993.0,Healthy
GMW_N12E075_2009_v3.tif,519.93,51993.0,Healthy
GMW_N12E075_2010_v3.tif,519.93,51993.0,Healthy
GMW_N12E075_2015_v3.tif,519.93,51993.0,Healthy
GMW_N12E075_2016_v3.tif,519.93,51993.0,Healthy
GMW_N12E075_2017_v3.tif,519.93,51993.0,Healthy
GMW_N12E075_2018_v3.tif,519.93,51993.0,Healthy
GMW_N12E075_2019_v3.tif,519.93,51993.0,Healthy
GMW_N12E075_2020_v3.tif,519.93,51993.0,Healthy
GMW_N12E079_1996_v3.tif,2844.81,284481.0,Healthy
GMW_N12E079_2007_v3.tif,2397.51,239751.0,Healthy
GMW_N12E079_2008_v3.tif,1898.28,189828.0,Healthy
GMW_N12E079_2009_v3.tif,1878.12,187812.0,Healthy
GMW_N12E079_2010_v3.tif,1998.09,199809.0,Healthy
GMW_N12E079_2015_v3.tif,2188.53,218853.0,Healthy
GMW_N12E079_2016_v3.tif,2226.51,222651.0,Healthy
GMW_N12E079_2017_v3.tif,2248.2,224820.0,Healthy
GMW_N12E079_2018_v3.tif,2237.49,223749.0,Healthy
GMW_N12E079_2019_v3.tif,2231.1,223110.0,Healthy
GMW_N12E079_2020_v3.tif,2230.11,223011.0,Healthy
GMW_N12E092_1996_v3.tif,14755.05,1475505.0,Healthy
GMW_N12E092_2007_v3.tif,14294.34,1429434.0,Healthy
GMW_N12E092_2008_v3.tif,14045.13,1404513.0,Healthy
GMW_N12E092_2009_v3.tif,13696.29,1369629.0,Healthy
GMW_N12E092_2010_v3.tif,13534.02,1353402.0,Healthy
GMW_N12E092_2015_v3.tif,13434.57,1343457.0,Healthy
GMW_N12E092_2016_v3.tif,13369.32,1336932.0,Healthy
GMW_N12E092_2017_v3.tif,13387.68,1338768.0,Healthy
GMW_N12E092_2018_v3.tif,13557.6,1355760.0,Healthy
GMW_N12E092_2019_v3.tif,13666.95,1366695.0,Healthy
GMW_N12E092_2020_v3.tif,13619.34,1361934.0,Healthy
GMW_N12E093_1996_v3.tif,946.35,94635.0,Healthy
GMW_N12E093_2007_v3.tif,915.3,91530.0,Healthy
GMW_N12E093_2008_v3.tif,906.66,90666.0,Healthy
GMW_N12E093_2009_v3.tif,904.5,90450.0,Healthy
GMW_N12E093_2010_v3.tif,906.93,90693.0,Healthy
GMW_N12E093_2015_v3.tif,902.79,90279.0,Healthy
GMW_N12E093_2016_v3.tif,946.08,94608.0,Healthy
GMW_N12E093_2017_v3.tif,921.78,92178.0,Healthy
GMW_N12E093_2018_v3.tif,925.92,92592.0,Healthy
GMW_N12E093_2019_v3.tif,900.63,90063.0,Healthy
GMW_N12E093_2020_v3.tif,896.04,89604.0,Healthy
GMW_N13E053_1996_v3.tif,0.0,0.0,Severe Loss
GMW_N13E053_2007_v3.tif,20.7,2070.0,Moderate
GMW_N13E053_2008_v3.tif,21.42,2142.0,Moderate
GMW_N13E053_2009_v3.tif,22.5,2250.0,Moderate
GMW_N13E053_2010_v3.tif,21.69,2169.0,Moderate
GMW_N13E053_2015_v3.tif,0.0,0.0,Severe Loss
GMW_N13E053_2016_v3.tif,0.0,0.0,Severe Loss
GMW_N13E053_2017_v3.tif,0.0,0.0,Severe Loss
GMW_N13E053_2018_v3.tif,0.0,0.0,Severe Loss
GMW_N13E053_2019_v3.tif,18.45,1845.0,Moderate
GMW_N13E053_2020_v3.tif,18.81,1881.0,Moderate
GMW_N13E054_1996_v3.tif,1.8,180.0,Severe Loss
GMW_N13E054_2007_v3.tif,1.89,189.0,Severe Loss
GMW_N13E054_2008_v3.tif,1.89,189.0,Severe Loss
GMW_N13E054_2009_v3.tif,1.89,189.0,Severe Loss
GMW_N13E054_2010_v3.tif,1.8,180.0,Severe Loss
GMW_N13E054_2015_v3.tif,1.8,180.0,Severe Loss
GMW_N13E054_2016_v3.tif,1.8,180.0,Severe Loss
GMW_N13E054_2017_v3.tif,1.8,180.0,Severe Loss
GMW_N13E054_2018_v3.tif,1.8,180.0,Severe Loss
GMW_N13E054_2019_v3.tif,1.89,189.0,Severe Loss
GMW_N13E054_2020_v3.tif,1.89,189.0,Severe Loss
GMW_N13E074_1996_v3.tif,260.46,26046.0,Healthy
GMW_N13E074_2007_v3.tif,260.46,26046.0,Healthy
GMW_N13E074_2008_v3.tif,260.46,26046.0,Healthy
GMW_N13E074_2009_v3.tif,260.46,26046.0,Healthy
GMW_N13E074_2010_v3.tif,260.46,26046.0,Healthy
GMW_N13E074_2015_v3.tif,260.46,26046.0,Healthy
GMW_N13E074_2016_v3.tif,260.46,26046.0,Healthy
GMW_N13E074_2017_v3.tif,260.46,26046.0,Healthy
GMW_N13E074_2018_v3.tif,260.46,26046.0,Healthy
GMW_N13E074_2019_v3.tif,260.46,26046.0,Healthy
GMW_N13E074_2020_v3.tif,260.46,26046.0,Healthy
GMW_N13E075_1996_v3.tif,772.56,77256.0,Healthy
GMW_N13E075_2007_v3.tif,772.56,77256.0,Healthy
GMW_N13E075_2008_v3.tif,772.56,77256.0,Healthy
GMW_N13E075_2009_v3.tif,772.56,77256.0,Healthy
GMW_N13E075_2010_v3.tif,772.56,77256.0,Healthy
GMW_N13E075_2015_v3.tif,772.56,77256.0,Healthy
GMW_N13E075_2016_v3.tif,772.56,77256.0,Healthy
GMW_N13E075_2017_v3.tif,772.56,77256.0,Healthy
GMW_N13E075_2018_v3.tif,772.56,77256.0,Healthy
GMW_N13E075_2019_v3.tif,772.56,77256.0,Healthy
GMW_N13E075_2020_v3.tif,772.56,77256.0,Healthy
GMW_N13E092_1996_v3.tif,48317.85,4831785.0,Healthy
GMW_N13E092_2007_v3.tif,48043.53,4804353.0,Healthy
GMW_N13E092_2008_v3.tif,47782.17,4778217.0,Healthy
GMW_N13E092_2009_v3.tif,47557.26,4755726.0,Healthy
GMW_N13E092_2010_v3.tif,47669.22,4766922.0,Healthy
GMW_N13E092_2015_v3.tif,47204.82,4720482.0,Healthy
GMW_N13E092_2016_v3.tif,47354.13,4735413.0,Healthy
GMW_N13E092_2017_v3.tif,47280.87,4728087.0,Healthy
GMW_N13E092_2018_v3.tif,48659.22,4865922.0,Healthy
GMW_N13E092_2019_v3.tif,48778.02,4877802.0,Healthy
GMW_N13E092_2020_v3.tif,47927.16,4792716.0,Healthy
GMW_N13E093_1996_v3.tif,2659.41,265941.0,Healthy
GMW_N13E093_2007_v3.tif,2613.6,261360.0,Healthy
GMW_N13E093_2008_v3.tif,2601.63,260163.0,Healthy
GMW_N13E093_2009_v3.tif,2590.92,259092.0,Healthy
GMW_N13E093_2010_v3.tif,2566.08,256608.0,Healthy
GMW_N13E093_2015_v3.tif,2527.83,252783.0,Healthy
GMW_N13E093_2016_v3.tif,2520.45,252045.0,Healthy
GMW_N13E093_2017_v3.tif,2538.54,253854.0,Healthy
GMW_N13E093_2018_v3.tif,2540.25,254025.0,Healthy
GMW_N13E093_2019_v3.tif,2511.99,251199.0,Healthy
GMW_N13E093_2020_v3.tif,2489.67,248967.0,Healthy
GMW_N14E043_1996_v3.tif,108.9,10890.0,Healthy
GMW_N14E043_2007_v3.tif,81.99,8199.0,Healthy
GMW_N14E043_2008_v3.tif,74.52,7452.0,Healthy
GMW_N14E043_2009_v3.tif,75.15,7515.0,Healthy
GMW_N14E043_2010_v3.tif,78.3,7830.0,Healthy
GMW_N14E043_2015_v3.tif,82.35,8235.0,Healthy
GMW_N14E043_2016_v3.tif,81.81,8181.0,Healthy
GMW_N14E043_2017_v3.tif,81.36,8136.0,Healthy
GMW_N14E043_2018_v3.tif,86.49,8649.0,Healthy
GMW_N14E043_2019_v3.tif,87.03,8703.0,Healthy
GMW_N14E043_2020_v3.tif,85.59,8559.0,Healthy
GMW_N14E074_1996_v3.tif,1026.0,102600.0,Healthy
GMW_N14E074_2007_v3.tif,1019.97,101997.0,Healthy
GMW_N14E074_2008_v3.tif,1019.34,101934.0,Healthy
GMW_N14E074_2009_v3.tif,1023.3,102330.0,Healthy
GMW_N14E074_2010_v3.tif,1038.69,103869.0,Healthy
GMW_N14E074_2015_v3.tif,1055.61,105561.0,Healthy
GMW_N14E074_2016_v3.tif,1055.61,105561.0,Healthy
GMW_N14E074_2017_v3.tif,1059.48,105948.0,Healthy
GMW_N14E074_2018_v3.tif,1054.98,105498.0,Healthy
GMW_N14E074_2019_v3.tif,1050.84,105084.0,Healthy
GMW_N14E074_2020_v3.tif,1045.98,104598.0,Healthy
GMW_N14E092_1996_v3.tif,12374.55,1237455.0,Healthy
GMW_N14E092_2007_v3.tif,12254.13,1225413.0,Healthy
GMW_N14E092_2008_v3.tif,11982.51,1198251.0,Healthy
GMW_N14E092_2009_v3.tif,11763.99,1176399.0,Healthy
GMW_N14E092_2010_v3.tif,11818.26,1181826.0,Healthy
GMW_N14E092_2015_v3.tif,11943.18,1194318.0,Healthy
GMW_N14E092_2016_v3.tif,13656.33,1365633.0,Healthy
GMW_N14E092_2017_v3.tif,13265.28,1326528.0,Healthy
GMW_N14E092_2018_v3.tif,13365.9,1336590.0,Healthy
GMW_N14E092_2019_v3.tif,12813.75,1281375.0,Healthy
GMW_N14E092_2020_v3.tif,12675.42,1267542.0,Healthy
GMW_N14E093_1996_v3.tif,4069.17,406917.0,Healthy
GMW_N14E093_2007_v3.tif,3974.94,397494.0,Healthy
GMW_N14E093_2008_v3.tif,3805.65,380565.0,Healthy
GMW_N14E093_2009_v3.tif,3756.51,375651.0,Healthy
GMW_N14E093_2010_v3.tif,3786.75,378675.0,Healthy
GMW_N14E093_2015_v3.tif,3824.64,382464.0,Healthy
GMW_N14E093_2016_v3.tif,4178.25,417825.0,Healthy
GMW_N14E093_2017_v3.tif,4111.74,411174.0,Healthy
GMW_N14E093_2018_v3.tif,4142.16,414216.0,Healthy
GMW_N14E093_2019_v3.tif,3937.32,393732.0,Healthy
GMW_N14E093_2020_v3.tif,3889.35,388935.0,Healthy
GMW_N15E042_1996_v3.tif,35.82,3582.0,Moderate
GMW_N15E042_2007_v3.tif,23.76,2376.0,Moderate
GMW_N15E042_2008_v3.tif,20.52,2052.0,Moderate
GMW_N15E042_2009_v3.tif,19.35,1935.0,Moderate
GMW_N15E042_2010_v3.tif,18.72,1872.0,Moderate
GMW_N15E042_2015_v3.tif,20.25,2025.0,Moderate
GMW_N15E042_2016_v3.tif,21.33,2133.0,Moderate
GMW_N15E042_2017_v3.tif,21.51,2151.0,Moderate
GMW_N15E042_2018_v3.tif,22.14,2214.0,Moderate
GMW_N15E042_2019_v3.tif,21.87,2187.0,Moderate
GMW_N15E042_2020_v3.tif,15.75,1575.0,Moderate
GMW_N15E074_1996_v3.tif,3115.98,311598.0,Healthy
GMW_N15E074_2007_v3.tif,2714.85,271485.0,Healthy
GMW_N15E074_2008_v3.tif,2660.67,266067.0,Healthy
GMW_N15E074_2009_v3.tif,2664.63,266463.0,Healthy
GMW_N15E074_2010_v3.tif,2677.5,267750.0,Healthy
GMW_N15E074_2015_v3.tif,2918.97,291897.0,Healthy
GMW_N15E074_2016_v3.tif,2918.97,291897.0,Healthy
GMW_N15E074_2017_v3.tif,2970.45,297045.0,Healthy
GMW_N15E074_2018_v3.tif,3031.92,303192.0,Healthy
GMW_N15E074_2019_v3.tif,3041.64,304164.0,Healthy
GMW_N15E074_2020_v3.tif,3047.67,304767.0,Healthy
GMW_N16E042_1996_v3.tif,2228.85,222885.0,Healthy
GMW_N16E042_2007_v3.tif,1965.33,196533.0,Healthy
GMW_N16E042_2008_v3.tif,1832.04,183204.0,Healthy
GMW_N16E042_2009_v3.tif,1846.8,184680.0,Healthy
GMW_N16E042_2010_v3.tif,1830.06,183006.0,Healthy
GMW_N16E042_2015_v3.tif,1825.11,182511.0,Healthy
GMW_N16E042_2016_v3.tif,1761.3,176130.0,Healthy
GMW_N16E042_2017_v3.tif,1741.95,174195.0,Healthy
GMW_N16E042_2018_v3.tif,1713.42,171342.0,Healthy
GMW_N16E042_2019_v3.tif,1722.87,172287.0,Healthy
GMW_N16E042_2020_v3.tif,1638.36,163836.0,Healthy
GMW_N16E073_1996_v3.tif,7312.95,731295.0,Healthy
GMW_N16E073_2007_v3.tif,6796.53,679653.0,Healthy
GMW_N16E073_2008_v3.tif,6573.15,657315.0,Healthy
GMW_N16E073_2009_v3.tif,6528.69,652869.0,Healthy
GMW_N16E073_2010_v3.tif,6595.11,659511.0,Healthy
GMW_N16E073_2015_v3.tif,7194.87,719487.0,Healthy
GMW_N16E073_2016_v3.tif,7453.26,745326.0,Healthy
GMW_N16E073_2017_v3.tif,7514.82,751482.0,Healthy
GMW_N16E073_2018_v3.tif,7466.31,746631.0,Healthy
GMW_N16E073_2019_v3.tif,7062.48,706248.0,Healthy
GMW_N16E073_2020_v3.tif,6882.75,688275.0,Healthy
GMW_N16E074_1996_v3.tif,381.15,38115.0,Healthy
GMW_N16E074_2007_v3.tif,381.15,38115.0,Healthy
GMW_N16E074_2008_v3.tif,381.15,38115.0,Healthy
GMW_N16E074_2009_v3.tif,381.15,38115.0,Healthy
GMW_N16E074_2010_v3.tif,381.15,38115.0,Healthy
GMW_N16E074_2015_v3.tif,381.15,38115.0,Healthy
GMW_N16E074_2016_v3.tif,381.15,38115.0,Healthy
GMW_N16E074_2017_v3.tif,381.15,38115.0,Healthy
GMW_N16E074_2018_v3.tif,381.15,38115.0,Healthy
GMW_N16E074_2019_v3.tif,381.15,38115.0,Healthy
GMW_N16E074_2020_v3.tif,381.15,38115.0,Healthy
GMW_N16E080_1996_v3.tif,18323.46,1832346.0,Healthy
GMW_N16E080_2007_v3.tif,16777.35,1677735.0,Healthy
GMW_N16E080_2008_v3.tif,16467.48,1646748.0,Healthy
GMW_N16E080_2009_v3.tif,16433.73,1643373.0,Healthy
GMW_N16E080_2010_v3.tif,16404.03,1640403.0,Healthy
GMW_N16E080_2015_v3.tif,16881.12,1688112.0,Healthy
GMW_N16E080_2016_v3.tif,16843.32,1684332.0,Healthy
GMW_N16E080_2017_v3.tif,16961.85,1696185.0,Healthy
GMW_N16E080_2018_v3.tif,17298.36,1729836.0,Healthy
GMW_N16E080_2019_v3.tif,17652.15,1765215.0,Healthy
GMW_N16E080_2020_v3.tif,17748.0,1774800.0,Healthy
GMW_N16E081_1996_v3.tif,990.63,99063.0,Healthy
GMW_N16E081_2007_v3.tif,977.58,97758.0,Healthy
GMW_N16E081_2008_v3.tif,907.29,90729.0,Healthy
GMW_N16E081_2009_v3.tif,884.52,88452.0,Healthy
GMW_N16E081_2010_v3.tif,873.18,87318.0,Healthy
GMW_N16E081_2015_v3.tif,870.66,87066.0,Healthy
GMW_N16E081_2016_v3.tif,860.13,86013.0,Healthy
GMW_N16E081_2017_v3.tif,863.55,86355.0,Healthy
GMW_N16E081_2018_v3.tif,892.26,89226.0,Healthy
GMW_N16E081_2019_v3.tif,909.0,90900.0,Healthy
GMW_N16E081_2020_v3.tif,869.04,86904.0,Healthy
GMW_N17E041_1996_v3.tif,177.12,17712.0,Healthy
GMW_N17E041_2007_v3.tif,123.84,12384.0,Healthy
GMW_N17E041_2008_v3.tif,116.28,11628.0,Healthy
GMW_N17E041_2009_v3.tif,117.09,11709.0,Healthy
GMW_N17E041_2010_v3.tif,121.32,12132.0,Healthy
GMW_N17E041_2015_v3.tif,140.4,14040.0,Healthy
GMW_N17E041_2016_v3.tif,144.27,14427.0,Healthy
GMW_N17E041_2017_v3.tif,150.48,15048.0,Healthy
GMW_N17E041_2018_v3.tif,149.4,14940.0,Healthy
GMW_N17E041_2019_v3.tif,148.5,14850.0,Healthy
GMW_N17E041_2020_v3.tif,152.28,15228.0,Healthy
GMW_N17E042_1996_v3.tif,1547.55,154755.0,Healthy
GMW_N17E042_2007_v3.tif,1310.94,131094.0,Healthy
GMW_N17E042_2008_v3.tif,1186.83,118683.0,Healthy
GMW_N17E042_2009_v3.tif,1181.43,118143.0,Healthy
GMW_N17E042_2010_v3.tif,1169.46,116946.0,Healthy
GMW_N17E042_2015_v3.tif,1169.82,116982.0,Healthy
GMW_N17E042_2016_v3.tif,1156.5,115650.0,Healthy
GMW_N17E042_2017_v3.tif,1156.77,115677.0,Healthy
GMW_N17E042_2018_v3.tif,1103.67,110367.0,Healthy
GMW_N17E042_2019_v3.tif,1079.1,107910.0,Healthy
GMW_N17E042_2020_v3.tif,1108.26,110826.0,Healthy
GMW_N17E073_1996_v3.tif,3259.8,325980.0,Healthy
GMW_N17E073_2007_v3.tif,3390.39,339039.0,Healthy
GMW_N17E073_2008_v3.tif,3414.87,341487.0,Healthy
GMW_N17E073_2009_v3.tif,3410.37,341037.0,Healthy
GMW_N17E073_2010_v3.tif,3421.26,342126.0,Healthy
GMW_N17E073_2015_v3.tif,3447.54,344754.0,Healthy
GMW_N17E073_2016_v3.tif,3478.32,347832.0,Healthy
GMW_N17E073_2017_v3.tif,3478.86,347886.0,Healthy
GMW_N17E073_2018_v3.tif,3484.35,348435.0,Healthy
GMW_N17E073_2019_v3.tif,3489.03,348903.0,Healthy
GMW_N17E073_2020_v3.tif,3494.88,349488.0,Healthy
GMW_N17E081_1996_v3.tif,6408.36,640836.0,Healthy
GMW_N17E081_2007_v3.tif,5978.52,597852.0,Healthy
GMW_N17E081_2008_v3.tif,5787.27,578727.0,Healthy
GMW_N17E081_2009_v3.tif,5696.28,569628.0,Healthy
GMW_N17E081_2010_v3.tif,5673.42,567342.0,Healthy
GMW_N17E081_2015_v3.tif,5728.5,572850.0,Healthy
GMW_N17E081_2016_v3.tif,5777.1,577710.0,Healthy
GMW_N17E081_2017_v3.tif,5844.51,584451.0,Healthy
GMW_N17E081_2018_v3.tif,6004.98,600498.0,Healthy
GMW_N17E081_2019_v3.tif,6050.88,605088.0,Healthy
GMW_N17E081_2020_v3.tif,5800.95,580095.0,Healthy
GMW_N17E082_1996_v3.tif,28712.61,2871261.0,Healthy
GMW_N17E082_2007_v3.tif,28619.82,2861982.0,Healthy
GMW_N17E082_2008_v3.tif,28396.62,2839662.0,Healthy
GMW_N17E082_2009_v3.tif,28120.95,2812095.0,Healthy
GMW_N17E082_2010_v3.tif,27988.47,2798847.0,Healthy
GMW_N17E082_2015_v3.tif,27687.6,2768760.0,Healthy
GMW_N17E082_2016_v3.tif,27804.69,2780469.0,Healthy
GMW_N17E082_2017_v3.tif,27831.78,2783178.0,Healthy
GMW_N17E082_2018_v3.tif,28119.33,2811933.0,Healthy
GMW_N17E082_2019_v3.tif,28106.55,2810655.0,Healthy
GMW_N17E082_2020_v3.tif,28011.69,2801169.0,Healthy
GMW_N18E041_1996_v3.tif,931.5,93150.0,Healthy
GMW_N18E041_2007_v3.tif,878.22,87822.0,Healthy
GMW_N18E041_2008_v3.tif,776.97,77697.0,Healthy
GMW_N18E041_2009_v3.tif,802.8,80280.0,Healthy
GMW_N18E041_2010_v3.tif,684.72,68472.0,Healthy
GMW_N18E041_2015_v3.tif,461.16,46116.0,Healthy
GMW_N18E041_2016_v3.tif,418.05,41805.0,Healthy
GMW_N18E041_2017_v3.tif,422.19,42219.0,Healthy
GMW_N18E041_2018_v3.tif,437.22,43722.0,Healthy
GMW_N18E041_2019_v3.tif,445.5,44550.0,Healthy
GMW_N18E041_2020_v3.tif,456.57,45657.0,Healthy
GMW_N18E042_1996_v3.tif,1602.81,160281.0,Healthy
GMW_N18E042_2007_v3.tif,1481.76,148176.0,Healthy
GMW_N18E042_2008_v3.tif,1350.27,135027.0,Healthy
GMW_N18E042_2009_v3.tif,1318.14,131814.0,Healthy
GMW_N18E042_2010_v3.tif,1233.54,123354.0,Healthy
GMW_N18E042_2015_v3.tif,1130.94,113094.0,Healthy
GMW_N18E042_2016_v3.tif,1042.92,104292.0,Healthy
GMW_N18E042_2017_v3.tif,1040.31,104031.0,Healthy
GMW_N18E042_2018_v3.tif,1041.3,104130.0,Healthy
GMW_N18E042_2019_v3.tif,1052.19,105219.0,Healthy
GMW_N18E042_2020_v3.tif,1051.2,105120.0,Healthy
GMW_N18E054_1996_v3.tif,44.46,4446.0,Moderate
GMW_N18E054_2007_v3.tif,39.96,3996.0,Moderate
GMW_N18E054_2008_v3.tif,44.64,4464.0,Moderate
GMW_N18E054_2009_v3.tif,53.1,5310.0,Healthy
GMW_N18E054_2010_v3.tif,56.16,5616.0,Healthy
GMW_N18E054_2015_v3.tif,44.55,4455.0,Moderate
GMW_N18E054_2016_v3.tif,37.17,3717.0,Moderate
GMW_N18E054_2017_v3.tif,23.67,2367.0,Moderate
GMW_N18E054_2018_v3.tif,15.21,1521.0,Moderate
GMW_N18E054_2019_v3.tif,15.03,1503.0,Moderate
GMW_N18E054_2020_v3.tif,22.86,2286.0,Moderate
GMW_N18E073_1996_v3.tif,1878.66,187866.0,Healthy
GMW_N18E073_2007_v3.tif,1744.92,174492.0,Healthy
GMW_N18E073_2008_v3.tif,1713.33,171333.0,Healthy
GMW_N18E073_2009_v3.tif,1714.77,171477.0,Healthy
GMW_N18E073_2010_v3.tif,1704.78,170478.0,Healthy
GMW_N18E073_2015_v3.tif,1684.35,168435.0,Healthy
GMW_N18E073_2016_v3.tif,1684.71,168471.0,Healthy
GMW_N18E073_2017_v3.tif,1711.98,171198.0,Healthy
GMW_N18E073_2018_v3.tif,1827.72,182772.0,Healthy
GMW_N18E073_2019_v3.tif,1829.88,182988.0,Healthy
GMW_N18E073_2020_v3.tif,1816.02,181602.0,Healthy
GMW_N19E041_1996_v3.tif,2902.86,290286.0,Healthy
GMW_N19E041_2007_v3.tif,2578.23,257823.0,Healthy
GMW_N19E041_2008_v3.tif,2188.08,218808.0,Healthy
GMW_N19E041_2009_v3.tif,2137.95,213795.0,Healthy
GMW_N19E041_2010_v3.tif,1842.03,184203.0,Healthy
GMW_N19E041_2015_v3.tif,1543.14,154314.0,Healthy
GMW_N19E041_2016_v3.tif,1471.32,147132.0,Healthy
GMW_N19E041_2017_v3.tif,1571.58,157158.0,Healthy
GMW_N19E041_2018_v3.tif,1616.94,161694.0,Healthy
GMW_N19E041_2019_v3.tif,1653.93,165393.0,Healthy
GMW_N19E041_2020_v3.tif,1673.73,167373.0,Healthy
GMW_N19E072_1996_v3.tif,9654.93,965493.0,Healthy
GMW_N19E072_2007_v3.tif,9515.16,951516.0,Healthy
GMW_N19E072_2008_v3.tif,9449.64,944964.0,Healthy
GMW_N19E072_2009_v3.tif,9534.6,953460.0,Healthy
GMW_N19E072_2010_v3.tif,9579.15,957915.0,Healthy
GMW_N19E072_2015_v3.tif,9653.76,965376.0,Healthy
GMW_N19E072_2016_v3.tif,9767.07,976707.0,Healthy
GMW_N19E072_2017_v3.tif,9833.49,983349.0,Healthy
GMW_N19E072_2018_v3.tif,9811.17,981117.0,Healthy
GMW_N19E072_2019_v3.tif,9745.65,974565.0,Healthy
GMW_N19E072_2020_v3.tif,9617.58,961758.0,Healthy
GMW_N19E073_1996_v3.tif,8497.35,849735.0,Healthy
GMW_N19E073_2007_v3.tif,7893.9,789390.0,Healthy
GMW_N19E073_2008_v3.tif,7757.82,775782.0,Healthy
GMW_N19E073_2009_v3.tif,7731.99,773199.0,Healthy
GMW_N19E073_2010_v3.tif,7713.54,771354.0,Healthy
GMW_N19E073_2015_v3.tif,7855.74,785574.0,Healthy
GMW_N19E073_2016_v3.tif,7924.68,792468.0,Healthy
GMW_N19E073_2017_v3.tif,8111.79,811179.0,Healthy
GMW_N19E073_2018_v3.tif,8201.34,820134.0,Healthy
GMW_N19E073_2019_v3.tif,8056.53,805653.0,Healthy
GMW_N19E073_2020_v3.tif,7894.08,789408.0,Healthy
GMW_N20E040_1996_v3.tif,1703.61,170361.0,Healthy
GMW_N20E040_2007_v3.tif,1481.76,148176.0,Healthy
GMW_N20E040_2008_v3.tif,1314.27,131427.0,Healthy
GMW_N20E040_2009_v3.tif,1296.72,129672.0,Healthy
GMW_N20E040_2010_v3.tif,1161.45,116145.0,Healthy
GMW_N20E040_2015_v3.tif,994.41,99441.0,Healthy
GMW_N20E040_2016_v3.tif,932.22,93222.0,Healthy
GMW_N20E040_2017_v3.tif,896.22,89622.0,Healthy
GMW_N20E040_2018_v3.tif,881.91,88191.0,Healthy
GMW_N20E040_2019_v3.tif,884.07,88407.0,Healthy
GMW_N20E040_2020_v3.tif,944.91,94491.0,Healthy
GMW_N20E072_1996_v3.tif,17004.6,1700460.0,Healthy
GMW_N20E072_2007_v3.tif,16110.63,1611063.0,Healthy
GMW_N20E072_2008_v3.tif,15964.56,1596456.0,Healthy
GMW_N20E072_2009_v3.tif,15979.23,1597923.0,Healthy
GMW_N20E072_2010_v3.tif,16026.03,1602603.0,Healthy
GMW_N20E072_2015_v3.tif,16092.99,1609299.0,Healthy
GMW_N20E072_2016_v3.tif,16188.48,1618848.0,Healthy
GMW_N20E072_2017_v3.tif,16248.96,1624896.0,Healthy
GMW_N20E072_2018_v3.tif,16204.59,1620459.0,Healthy
GMW_N20E072_2019_v3.tif,16069.68,1606968.0,Healthy
GMW_N20E072_2020_v3.tif,16074.36,1607436.0,Healthy
GMW_N20E073_1996_v3.tif,2207.88,220788.0,Healthy
GMW_N20E073_2007_v3.tif,2164.95,216495.0,Healthy
GMW_N20E073_2008_v3.tif,2147.4,214740.0,Healthy
GMW_N20E073_2009_v3.tif,2150.82,215082.0,Healthy
GMW_N20E073_2010_v3.tif,2140.38,214038.0,Healthy
GMW_N20E073_2015_v3.tif,2095.92,209592.0,Healthy
GMW_N20E073_2016_v3.tif,2061.36,206136.0,Healthy
GMW_N20E073_2017_v3.tif,2077.02,207702.0,Healthy
GMW_N20E073_2018_v3.tif,2121.93,212193.0,Healthy
GMW_N20E073_2019_v3.tif,2101.59,210159.0,Healthy
GMW_N20E073_2020_v3.tif,2105.37,210537.0,Healthy
GMW_N20E086_1996_v3.tif,367.2,36720.0,Healthy
GMW_N20E086_2007_v3.tif,367.2,36720.0,Healthy
GMW_N20E086_2008_v3.tif,367.2,36720.0,Healthy
GMW_N20E086_2009_v3.tif,367.2,36720.0,Healthy
GMW_N20E086_2010_v3.tif,367.2,36720.0,Healthy
GMW_N20E086_2015_v3.tif,367.2,36720.0,Healthy
GMW_N20E086_2016_v3.tif,367.2,36720.0,Healthy
GMW_N20E086_2017_v3.tif,367.2,36720.0,Healthy
GMW_N20E086_2018_v3.tif,367.2,36720.0,Healthy
GMW_N20E086_2019_v3.tif,367.2,36720.0,Healthy
GMW_N20E086_2020_v3.tif,367.2,36720.0,Healthy
GMW_N21E039_1996_v3.tif,512.37,51237.0,Healthy
GMW_N21E039_2007_v3.tif,376.65,37665.0,Healthy
GMW_N21E039_2008_v3.tif,338.31,33831.0,Healthy
GMW_N21E039_2009_v3.tif,341.46,34146.0,Healthy
GMW_N21E039_2010_v3.tif,330.66,33066.0,Healthy
GMW_N21E039_2015_v3.tif,295.83,29583.0,Healthy
GMW_N21E039_2016_v3.tif,266.4,26640.0,Healthy
GMW_N21E039_2017_v3.tif,272.52,27252.0,Healthy
GMW_N21E039_2018_v3.tif,268.02,26802.0,Healthy
GMW_N21E039_2019_v3.tif,278.1,27810.0,Healthy
GMW_N21E039_2020_v3.tif,295.74,29574.0,Healthy
GMW_N21E040_1996_v3.tif,1166.4,116640.0,Healthy
GMW_N21E040_2007_v3.tif,882.63,88263.0,Healthy
GMW_N21E040_2008_v3.tif,784.26,78426.0,Healthy
GMW_N21E040_2009_v3.tif,795.78,79578.0,Healthy
GMW_N21E040_2010_v3.tif,754.74,75474.0,Healthy
GMW_N21E040_2015_v3.tif,689.04,68904.0,Healthy
GMW_N21E040_2016_v3.tif,644.67,64467.0,Healthy
GMW_N21E040_2017_v3.tif,642.15,64215.0,Healthy
GMW_N21E040_2018_v3.tif,629.1,62910.0,Healthy
GMW_N21E040_2019_v3.tif,638.82,63882.0,Healthy
GMW_N21E040_2020_v3.tif,650.34,65034.0,Healthy
GMW_N21E070_1996_v3.tif,1250.91,125091.0,Healthy
GMW_N21E070_2007_v3.tif,1120.59,112059.0,Healthy
GMW_N21E070_2008_v3.tif,1134.27,113427.0,Healthy
GMW_N21E070_2009_v3.tif,1278.45,127845.0,Healthy
GMW_N21E070_2010_v3.tif,1344.6,134460.0,Healthy
GMW_N21E070_2015_v3.tif,1409.04,140904.0,Healthy
GMW_N21E070_2016_v3.tif,1399.77,139977.0,Healthy
GMW_N21E070_2017_v3.tif,1382.94,138294.0,Healthy
GMW_N21E070_2018_v3.tif,1400.4,140040.0,Healthy
GMW_N21E070_2019_v3.tif,1360.08,136008.0,Healthy
GMW_N21E070_2020_v3.tif,1056.51,105651.0,Healthy
GMW_N21E071_1996_v3.tif,1112.58,111258.0,Healthy
GMW_N21E071_2007_v3.tif,1197.0,119700.0,Healthy
GMW_N21E071_2008_v3.tif,1214.55,121455.0,Healthy
GMW_N21E071_2009_v3.tif,1223.55,122355.0,Healthy
GMW_N21E071_2010_v3.tif,1235.43,123543.0,Healthy
GMW_N21E071_2015_v3.tif,1245.24,124524.0,Healthy
GMW_N21E071_2016_v3.tif,1132.11,113211.0,Healthy
GMW_N21E071_2017_v3.tif,1077.39,107739.0,Healthy
GMW_N21E071_2018_v3.tif,1028.79,102879.0,Healthy
GMW_N21E071_2019_v3.tif,1091.16,109116.0,Healthy
GMW_N21E071_2020_v3.tif,1097.82,109782.0,Healthy
GMW_N21E072_1996_v3.tif,3867.84,386784.0,Healthy
GMW_N21E072_2007_v3.tif,3861.72,386172.0,Healthy
GMW_N21E072_2008_v3.tif,3894.75,389475.0,Healthy
GMW_N21E072_2009_v3.tif,4011.39,401139.0,Healthy
GMW_N21E072_2010_v3.tif,4047.57,404757.0,Healthy
GMW_N21E072_2015_v3.tif,3965.22,396522.0,Healthy
GMW_N21E072_2016_v3.tif,3768.57,376857.0,Healthy
GMW_N21E072_2017_v3.tif,3566.97,356697.0,Healthy
GMW_N21E072_2018_v3.tif,3433.77,343377.0,Healthy
GMW_N21E072_2019_v3.tif,3229.38,322938.0,Healthy
GMW_N21E072_2020_v3.tif,3388.68,338868.0,Healthy
GMW_N21E086_1996_v3.tif,21766.68,2176668.0,Healthy
GMW_N21E086_2007_v3.tif,21641.04,2164104.0,Healthy
GMW_N21E086_2008_v3.tif,21554.73,2155473.0,Healthy
GMW_N21E086_2009_v3.tif,21690.9,2169090.0,Healthy
GMW_N21E086_2010_v3.tif,22031.28,2203128.0,Healthy
GMW_N21E086_2015_v3.tif,23529.15,2352915.0,Healthy
GMW_N21E086_2016_v3.tif,24320.52,2432052.0,Healthy
GMW_N21E086_2017_v3.tif,24931.98,2493198.0,Healthy
GMW_N21E086_2018_v3.tif,25112.97,2511297.0,Healthy
GMW_N21E086_2019_v3.tif,24884.46,2488446.0,Healthy
GMW_N21E086_2020_v3.tif,24573.6,2457360.0,Healthy
GMW_N21E087_1996_v3.tif,1483.11,148311.0,Healthy
GMW_N21E087_2007_v3.tif,1767.06,176706.0,Healthy
GMW_N21E087_2008_v3.tif,1824.12,182412.0,Healthy
GMW_N21E087_2009_v3.tif,1828.98,182898.0,Healthy
GMW_N21E087_2010_v3.tif,1856.79,185679.0,Healthy
GMW_N21E087_2015_v3.tif,1983.15,198315.0,Healthy
GMW_N21E087_2016_v3.tif,2093.58,209358.0,Healthy
GMW_N21E087_2017_v3.tif,2175.12,217512.0,Healthy
GMW_N21E087_2018_v3.tif,2185.74,218574.0,Healthy
GMW_N21E087_2019_v3.tif,2182.95,218295.0,Healthy
GMW_N21E087_2020_v3.tif,2148.66,214866.0,Healthy
GMW_N22E039_1996_v3.tif,222.48,22248.0,Healthy
GMW_N22E039_2007_v3.tif,61.11,6111.0,Healthy
GMW_N22E039_2008_v3.tif,37.08,3708.0,Moderate
GMW_N22E039_2009_v3.tif,31.95,3195.0,Moderate
GMW_N22E039_2010_v3.tif,17.55,1755.0,Moderate
GMW_N22E039_2015_v3.tif,36.45,3645.0,Moderate
GMW_N22E039_2016_v3.tif,70.74,7074.0,Healthy
GMW_N22E039_2017_v3.tif,80.28,8028.0,Healthy
GMW_N22E039_2018_v3.tif,82.35,8235.0,Healthy
GMW_N22E039_2019_v3.tif,55.44,5544.0,Healthy
GMW_N22E039_2020_v3.tif,52.83,5283.0,Healthy
GMW_N22E069_1996_v3.tif,112.86,11286.0,Healthy
GMW_N22E069_2007_v3.tif,109.08,10908.0,Healthy
GMW_N22E069_2008_v3.tif,106.65,10665.0,Healthy
GMW_N22E069_2009_v3.tif,105.66,10566.0,Healthy
GMW_N22E069_2010_v3.tif,104.76,10476.0,Healthy
GMW_N22E069_2015_v3.tif,105.75,10575.0,Healthy
GMW_N22E069_2016_v3.tif,104.13,10413.0,Healthy
GMW_N22E069_2017_v3.tif,105.3,10530.0,Healthy
GMW_N22E069_2018_v3.tif,107.01,10701.0,Healthy
GMW_N22E069_2019_v3.tif,108.36,10836.0,Healthy
GMW_N22E069_2020_v3.tif,106.74,10674.0,Healthy
GMW_N22E071_1996_v3.tif,119.34,11934.0,Healthy
GMW_N22E071_2007_v3.tif,82.17,8217.0,Healthy
GMW_N22E071_2008_v3.tif,81.0,8100.0,Healthy
GMW_N22E071_2009_v3.tif,80.28,8028.0,Healthy
GMW_N22E071_2010_v3.tif,78.93,7893.0,Healthy
GMW_N22E071_2015_v3.tif,72.45,7245.0,Healthy
GMW_N22E071_2016_v3.tif,64.53,6453.0,Healthy
GMW_N22E071_2017_v3.tif,62.28,6228.0,Healthy
GMW_N22E071_2018_v3.tif,57.06,5706.0,Healthy
GMW_N22E071_2019_v3.tif,59.31,5931.0,Healthy
GMW_N22E071_2020_v3.tif,67.23,6723.0,Healthy
GMW_N22E072_1996_v3.tif,11178.45,1117845.0,Healthy
GMW_N22E072_2007_v3.tif,11542.86,1154286.0,Healthy
GMW_N22E072_2008_v3.tif,11637.27,1163727.0,Healthy
GMW_N22E072_2009_v3.tif,11850.03,1185003.0,Healthy
GMW_N22E072_2010_v3.tif,12020.31,1202031.0,Healthy
GMW_N22E072_2015_v3.tif,12721.05,1272105.0,Healthy
GMW_N22E072_2016_v3.tif,12815.46,1281546.0,Healthy
GMW_N22E072_2017_v3.tif,12760.11,1276011.0,Healthy
GMW_N22E072_2018_v3.tif,12704.13,1270413.0,Healthy
GMW_N22E072_2019_v3.tif,12431.97,1243197.0,Healthy
GMW_N22E072_2020_v3.tif,12368.88,1236888.0,Healthy
GMW_N22E086_1996_v3.tif,1408.68,140868.0,Healthy
GMW_N22E086_2007_v3.tif,1099.8,109980.0,Healthy
GMW_N22E086_2008_v3.tif,1012.95,101295.0,Healthy
GMW_N22E086_2009_v3.tif,984.06,98406.0,Healthy
GMW_N22E086_2010_v3.tif,1061.01,106101.0,Healthy
GMW_N22E086_2015_v3.tif,1677.24,167724.0,Healthy
GMW_N22E086_2016_v3.tif,2177.64,217764.0,Healthy
GMW_N22E086_2017_v3.tif,2473.47,247347.0,Healthy
GMW_N22E086_2018_v3.tif,2607.12,260712.0,Healthy
GMW_N22E086_2019_v3.tif,2372.94,237294.0,Healthy
GMW_N22E086_2020_v3.tif,1923.48,192348.0,Healthy
GMW_N22E087_1996_v3.tif,765.0,76500.0,Healthy
GMW_N22E087_2007_v3.tif,590.94,59094.0,Healthy
GMW_N22E087_2008_v3.tif,574.29,57429.0,Healthy
GMW_N22E087_2009_v3.tif,587.7,58770.0,Healthy
GMW_N22E087_2010_v3.tif,602.64,60264.0,Healthy
GMW_N22E087_2015_v3.tif,684.72,68472.0,Healthy
GMW_N22E087_2016_v3.tif,764.1,76410.0,Healthy
GMW_N22E087_2017_v3.tif,784.71,78471.0,Healthy
GMW_N22E087_2018_v3.tif,777.42,77742.0,Healthy
GMW_N22E087_2019_v3.tif,742.41,74241.0,Healthy
GMW_N22E087_2020_v3.tif,731.88,73188.0,Healthy
GMW_N22E088_1996_v3.tif,236966.04,23696604.0,Healthy
GMW_N22E088_2007_v3.tif,236192.49,23619249.0,Healthy
GMW_N22E088_2008_v3.tif,235748.52,23574852.0,Healthy
GMW_N22E088_2009_v3.tif,237185.64,23718564.0,Healthy
GMW_N22E088_2010_v3.tif,234615.06,23461506.0,Healthy
GMW_N22E088_2015_v3.tif,234756.0,23475600.0,Healthy
GMW_N22E088_2016_v3.tif,233867.52,23386752.0,Healthy
GMW_N22E088_2017_v3.tif,234277.38,23427738.0,Healthy
GMW_N22E088_2018_v3.tif,233424.18,23342418.0,Healthy
GMW_N22E088_2019_v3.tif,233481.87,23348187.0,Healthy
GMW_N22E088_2020_v3.tif,231430.95,23143095.0,Healthy
GMW_N22E089_1996_v3.tif,277345.62,27734562.0,Healthy
GMW_N22E089_2007_v3.tif,278492.13,27849213.0,Healthy
GMW_N22E089_2008_v3.tif,278084.79,27808479.0,Healthy
GMW_N22E089_2009_v3.tif,277753.32,27775332.0,Healthy
GMW_N22E089_2010_v3.tif,276754.41,27675441.0,Healthy
GMW_N22E089_2015_v3.tif,274218.57,27421857.0,Healthy
GMW_N22E089_2016_v3.tif,272933.37,27293337.0,Healthy
GMW_N22E089_2017_v3.tif,272667.06,27266706.0,Healthy
GMW_N22E089_2018_v3.tif,273045.51,27304551.0,Healthy
GMW_N22E089_2019_v3.tif,272999.25,27299925.0,Healthy
GMW_N22E089_2020_v3.tif,272487.24,27248724.0,Healthy
GMW_N22E090_1996_v3.tif,24616.17,2461617.0,Healthy
GMW_N22E090_2007_v3.tif,28671.84,2867184.0,Healthy
GMW_N22E090_2008_v3.tif,28878.57,2887857.0,Healthy
GMW_N22E090_2009_v3.tif,29580.21,2958021.0,Healthy
GMW_N22E090_2010_v3.tif,30854.52,3085452.0,Healthy
GMW_N22E090_2015_v3.tif,32621.85,3262185.0,Healthy
GMW_N22E090_2016_v3.tif,33001.38,3300138.0,Healthy
GMW_N22E090_2017_v3.tif,31781.79,3178179.0,Healthy
GMW_N22E090_2018_v3.tif,32016.06,3201606.0,Healthy
GMW_N22E090_2019_v3.tif,33088.68,3308868.0,Healthy
GMW_N22E090_2020_v3.tif,33999.21,3399921.0,Healthy
GMW_N22E091_1996_v3.tif,5691.42,569142.0,Healthy
GMW_N22E091_2007_v3.tif,4415.58,441558.0,Healthy
GMW_N22E091_2008_v3.tif,4385.97,438597.0,Healthy
GMW_N22E091_2009_v3.tif,3939.21,393921.0,Healthy
GMW_N22E091_2010_v3.tif,4476.51,447651.0,Healthy
GMW_N22E091_2015_v3.tif,5217.75,521775.0,Healthy
GMW_N22E091_2016_v3.tif,6675.12,667512.0,Healthy
GMW_N22E091_2017_v3.tif,7308.09,730809.0,Healthy
GMW_N22E091_2018_v3.tif,7579.62,757962.0,Healthy
GMW_N22E091_2019_v3.tif,7694.01,769401.0,Healthy
GMW_N22E091_2020_v3.tif,8509.14,850914.0,Healthy
GMW_N22E092_1996_v3.tif,3948.21,394821.0,Healthy
GMW_N22E092_2007_v3.tif,1657.89,165789.0,Healthy
GMW_N22E092_2008_v3.tif,993.69,99369.0,Healthy
GMW_N22E092_2009_v3.tif,958.77,95877.0,Healthy
GMW_N22E092_2010_v3.tif,1141.2,114120.0,Healthy
GMW_N22E092_2015_v3.tif,1411.65,141165.0,Healthy
GMW_N22E092_2016_v3.tif,1738.26,173826.0,Healthy
GMW_N22E092_2017_v3.tif,2291.31,229131.0,Healthy
GMW_N22E092_2018_v3.tif,4293.0,429300.0,Healthy
GMW_N22E092_2019_v3.tif,5000.13,500013.0,Healthy
GMW_N22E092_2020_v3.tif,5842.8,584280.0,Healthy
GMW_N23E038_1996_v3.tif,448.02,44802.0,Healthy
GMW_N23E038_2007_v3.tif,439.92,43992.0,Healthy
GMW_N23E038_2008_v3.tif,425.97,42597.0,Healthy
GMW_N23E038_2009_v3.tif,419.22,41922.0,Healthy
GMW_N23E038_2010_v3.tif,406.17,40617.0,Healthy
GMW_N23E038_2015_v3.tif,392.22,39222.0,Healthy
GMW_N23E038_2016_v3.tif,382.14,38214.0,Healthy
GMW_N23E038_2017_v3.tif,382.41,38241.0,Healthy
GMW_N23E038_2018_v3.tif,377.37,37737.0,Healthy
GMW_N23E038_2019_v3.tif,382.05,38205.0,Healthy
GMW_N23E038_2020_v3.tif,399.42,39942.0,Healthy
GMW_N23E039_1996_v3.tif,420.3,42030.0,Healthy
GMW_N23E039_2007_v3.tif,425.43,42543.0,Healthy
GMW_N23E039_2008_v3.tif,429.03,42903.0,Healthy
GMW_N23E039_2009_v3.tif,446.94,44694.0,Healthy
GMW_N23E039_2010_v3.tif,437.04,43704.0,Healthy
GMW_N23E039_2015_v3.tif,417.87,41787.0,Healthy
GMW_N23E039_2016_v3.tif,387.27,38727.0,Healthy
GMW_N23E039_2017_v3.tif,393.93,39393.0,Healthy
GMW_N23E039_2018_v3.tif,389.7,38970.0,Healthy
GMW_N23E039_2019_v3.tif,400.77,40077.0,Healthy
GMW_N23E039_2020_v3.tif,415.26,41526.0,Healthy
GMW_N23E059_1996_v3.tif,65.7,6570.0,Healthy
GMW_N23E059_2007_v3.tif,51.39,5139.0,Healthy
GMW_N23E059_2008_v3.tif,45.45,4545.0,Moderate
GMW_N23E059_2009_v3.tif,47.25,4725.0,Moderate
GMW_N23E059_2010_v3.tif,49.14,4914.0,Moderate
GMW_N23E059_2015_v3.tif,53.37,5337.0,Healthy
GMW_N23E059_2016_v3.tif,54.63,5463.0,Healthy
GMW_N23E059_2017_v3.tif,57.51,5751.0,Healthy
GMW_N23E059_2018_v3.tif,62.19,6219.0,Healthy
GMW_N23E059_2019_v3.tif,62.82,6282.0,Healthy
GMW_N23E059_2020_v3.tif,62.01,6201.0,Healthy
GMW_N23E069_1996_v3.tif,23329.98,2332998.0,Healthy
GMW_N23E069_2007_v3.tif,22159.44,2215944.0,Healthy
GMW_N23E069_2008_v3.tif,21871.98,2187198.0,Healthy
GMW_N23E069_2009_v3.tif,22042.26,2204226.0,Healthy
GMW_N23E069_2010_v3.tif,22086.54,2208654.0,Healthy
GMW_N23E069_2015_v3.tif,23171.58,2317158.0,Healthy
GMW_N23E069_2016_v3.tif,23659.65,2365965.0,Healthy
GMW_N23E069_2017_v3.tif,23758.29,2375829.0,Healthy
GMW_N23E069_2018_v3.tif,24037.83,2403783.0,Healthy
GMW_N23E069_2019_v3.tif,23928.03,2392803.0,Healthy
GMW_N23E069_2020_v3.tif,22177.44,2217744.0,Healthy
GMW_N23E070_1996_v3.tif,9915.75,991575.0,Healthy
GMW_N23E070_2007_v3.tif,10542.42,1054242.0,Healthy
GMW_N23E070_2008_v3.tif,10424.79,1042479.0,Healthy
GMW_N23E070_2009_v3.tif,10522.8,1052280.0,Healthy
GMW_N23E070_2010_v3.tif,11016.27,1101627.0,Healthy
GMW_N23E070_2015_v3.tif,12168.27,1216827.0,Healthy
GMW_N23E070_2016_v3.tif,12175.56,1217556.0,Healthy
GMW_N23E070_2017_v3.tif,11707.47,1170747.0,Healthy
GMW_N23E070_2018_v3.tif,11521.17,1152117.0,Healthy
GMW_N23E070_2019_v3.tif,11755.08,1175508.0,Healthy
GMW_N23E070_2020_v3.tif,12521.79,1252179.0,Healthy
GMW_N23E072_1996_v3.tif,921.96,92196.0,Healthy
GMW_N23E072_2007_v3.tif,2184.39,218439.0,Healthy
GMW_N23E072_2008_v3.tif,2303.1,230310.0,Healthy
GMW_N23E072_2009_v3.tif,2300.13,230013.0,Healthy
GMW_N23E072_2010_v3.tif,2173.86,217386.0,Healthy
GMW_N23E072_2015_v3.tif,1847.07,184707.0,Healthy
GMW_N23E072_2016_v3.tif,1757.34,175734.0,Healthy
GMW_N23E072_2017_v3.tif,1729.89,172989.0,Healthy
GMW_N23E072_2018_v3.tif,1721.34,172134.0,Healthy
GMW_N23E072_2019_v3.tif,1746.36,174636.0,Healthy
GMW_N23E072_2020_v3.tif,1628.19,162819.0,Healthy
GMW_N23E087_1996_v3.tif,9.63,963.0,Severe Loss
GMW_N23E087_2007_v3.tif,9.63,963.0,Severe Loss
GMW_N23E087_2008_v3.tif,9.63,963.0,Severe Loss
GMW_N23E087_2009_v3.tif,9.63,963.0,Severe Loss
GMW_N23E087_2010_v3.tif,9.63,963.0,Severe Loss
GMW_N23E087_2015_v3.tif,9.63,963.0,Severe Loss
GMW_N23E087_2016_v3.tif,9.63,963.0,Severe Loss
GMW_N23E087_2017_v3.tif,9.63,963.0,Severe Loss
GMW_N23E087_2018_v3.tif,9.63,963.0,Severe Loss
GMW_N23E087_2019_v3.tif,9.63,963.0,Severe Loss
GMW_N23E087_2020_v3.tif,9.63,963.0,Severe Loss
GMW_N23E088_1996_v3.tif,50498.55,5049855.0,Healthy
GMW_N23E088_2007_v3.tif,50908.23,5090823.0,Healthy
GMW_N23E088_2008_v3.tif,51056.01,5105601.0,Healthy
GMW_N23E088_2009_v3.tif,51597.72,5159772.0,Healthy
GMW_N23E088_2010_v3.tif,51877.8,5187780.0,Healthy
GMW_N23E088_2015_v3.tif,52839.09,5283909.0,Healthy
GMW_N23E088_2016_v3.tif,53051.4,5305140.0,Healthy
GMW_N23E088_2017_v3.tif,53073.36,5307336.0,Healthy
GMW_N23E088_2018_v3.tif,53013.69,5301369.0,Healthy
GMW_N23E088_2019_v3.tif,53194.14,5319414.0,Healthy
GMW_N23E088_2020_v3.tif,53047.8,5304780.0,Healthy
GMW_N23E089_1996_v3 - Copy.tif,411736.05,41173605.0,Healthy
GMW_N23E089_1996_v3.tif,411736.05,41173605.0,Healthy
GMW_N23E089_2007_v3.tif,412768.53,41276853.0,Healthy
GMW_N23E089_2008_v3.tif,412422.3,41242230.0,Healthy
GMW_N23E089_2009_v3.tif,412245.45,41224545.0,Healthy
GMW_N23E089_2010_v3.tif,411020.28,41102028.0,Healthy
GMW_N23E089_2015_v3.tif,408791.34,40879134.0,Healthy
GMW_N23E089_2016_v3.tif,407965.05,40796505.0,Healthy
GMW_N23E089_2017_v3.tif,408119.4,40811940.0,Healthy
GMW_N23E089_2018_v3.tif,408729.33,40872933.0,Healthy
GMW_N23E089_2019_v3.tif,408483.54,40848354.0,Healthy
GMW_N23E089_2020_v3.tif,407932.29,40793229.0,Healthy
GMW_N23E090_1996_v3.tif,16787.97,1678797.0,Healthy
GMW_N23E090_2007_v3.tif,20161.08,2016108.0,Healthy
GMW_N23E090_2008_v3.tif,20271.06,2027106.0,Healthy
GMW_N23E090_2009_v3.tif,19740.51,1974051.0,Healthy
GMW_N23E090_2010_v3.tif,19842.03,1984203.0,Healthy
GMW_N23E090_2015_v3.tif,18487.44,1848744.0,Healthy
GMW_N23E090_2016_v3.tif,18861.21,1886121.0,Healthy
GMW_N23E090_2017_v3.tif,17592.84,1759284.0,Healthy
GMW_N23E090_2018_v3.tif,18900.27,1890027.0,Healthy
GMW_N23E090_2019_v3.tif,17868.6,1786860.0,Healthy
GMW_N23E090_2020_v3.tif,18195.66,1819566.0,Healthy
GMW_N23E091_1996_v3.tif,15956.91,1595691.0,Healthy
GMW_N23E091_2007_v3.tif,17560.62,1756062.0,Healthy
GMW_N23E091_2008_v3.tif,17312.22,1731222.0,Healthy
GMW_N23E091_2009_v3.tif,16733.25,1673325.0,Healthy
GMW_N23E091_2010_v3.tif,16425.63,1642563.0,Healthy
GMW_N23E091_2015_v3.tif,16279.2,1627920.0,Healthy
GMW_N23E091_2016_v3.tif,16581.06,1658106.0,Healthy
GMW_N23E091_2017_v3.tif,16433.46,1643346.0,Healthy
GMW_N23E091_2018_v3.tif,17622.81,1762281.0,Healthy
GMW_N23E091_2019_v3.tif,16285.68,1628568.0,Healthy
GMW_N23E091_2020_v3.tif,16213.95,1621395.0,Healthy
GMW_N24E038_1996_v3.tif,420.75,42075.0,Healthy
GMW_N24E038_2007_v3.tif,404.1,40410.0,Healthy
GMW_N24E038_2008_v3.tif,398.61,39861.0,Healthy
GMW_N24E038_2009_v3.tif,396.81,39681.0,Healthy
GMW_N24E038_2010_v3.tif,386.55,38655.0,Healthy
GMW_N24E038_2015_v3.tif,397.08,39708.0,Healthy
GMW_N24E038_2016_v3.tif,396.63,39663.0,Healthy
GMW_N24E038_2017_v3.tif,401.49,40149.0,Healthy
GMW_N24E038_2018_v3.tif,396.18,39618.0,Healthy
GMW_N24E038_2019_v3.tif,390.24,39024.0,Healthy
GMW_N24E038_2020_v3.tif,378.18,37818.0,Healthy
GMW_N24E052_1996_v3.tif,0.45,45.0,Severe Loss
GMW_N24E052_2007_v3.tif,0.0,0.0,Severe Loss
GMW_N24E052_2008_v3.tif,0.0,0.0,Severe Loss
GMW_N24E052_2009_v3.tif,0.0,0.0,Severe Loss
GMW_N24E052_2010_v3.tif,0.0,0.0,Severe Loss
GMW_N24E052_2015_v3.tif,0.0,0.0,Severe Loss
GMW_N24E052_2016_v3.tif,0.0,0.0,Severe Loss
GMW_N24E052_2017_v3.tif,0.0,0.0,Severe Loss
GMW_N24E052_2018_v3.tif,0.0,0.0,Severe Loss
GMW_N24E052_2019_v3.tif,0.0,0.0,Severe Loss
GMW_N24E052_2020_v3.tif,0.0,0.0,Severe Loss
GMW_N24E058_1996_v3.tif,100.89,10089.0,Healthy
GMW_N24E058_2007_v3.tif,78.57,7857.0,Healthy
GMW_N24E058_2008_v3.tif,67.05,6705.0,Healthy
GMW_N24E058_2009_v3.tif,66.6,6660.0,Healthy
GMW_N24E058_2010_v3.tif,66.33,6633.0,Healthy
GMW_N24E058_2015_v3.tif,73.8,7380.0,Healthy
GMW_N24E058_2016_v3.tif,74.61,7461.0,Healthy
GMW_N24E058_2017_v3.tif,73.44,7344.0,Healthy
GMW_N24E058_2018_v3.tif,76.77,7677.0,Healthy
GMW_N24E058_2019_v3.tif,82.62,8262.0,Healthy
GMW_N24E058_2020_v3.tif,82.62,8262.0,Healthy
GMW_N24E067_1996_v3.tif,19814.58,1981458.0,Healthy
GMW_N24E067_2007_v3.tif,17276.04,1727604.0,Healthy
GMW_N24E067_2008_v3.tif,16416.09,1641609.0,Healthy
GMW_N24E067_2009_v3.tif,16315.2,1631520.0,Healthy
GMW_N24E067_2010_v3.tif,15925.59,1592559.0,Healthy
GMW_N24E067_2015_v3.tif,15907.14,1590714.0,Healthy
GMW_N24E067_2016_v3.tif,17381.52,1738152.0,Healthy
GMW_N24E067_2017_v3.tif,18522.72,1852272.0,Healthy
GMW_N24E067_2018_v3.tif,19228.23,1922823.0,Healthy
GMW_N24E067_2019_v3.tif,18537.84,1853784.0,Healthy
GMW_N24E067_2020_v3.tif,15880.41,1588041.0,Healthy
GMW_N24E068_1996_v3.tif,46341.72,4634172.0,Healthy
GMW_N24E068_2007_v3.tif,42185.97,4218597.0,Healthy
GMW_N24E068_2008_v3.tif,40641.39,4064139.0,Healthy
GMW_N24E068_2009_v3.tif,39136.05,3913605.0,Healthy
GMW_N24E068_2010_v3.tif,37105.29,3710529.0,Healthy
GMW_N24E068_2015_v3.tif,35761.32,3576132.0,Healthy
GMW_N24E068_2016_v3.tif,35403.39,3540339.0,Healthy
GMW_N24E068_2017_v3.tif,35450.37,3545037.0,Healthy
GMW_N24E068_2018_v3.tif,34170.03,3417003.0,Healthy
GMW_N24E068_2019_v3.tif,30693.15,3069315.0,Healthy
GMW_N24E068_2020_v3.tif,26720.37,2672037.0,Healthy
GMW_N25E037_1996_v3.tif,68.58,6858.0,Healthy
GMW_N25E037_2007_v3.tif,74.97,7497.0,Healthy
GMW_N25E037_2008_v3.tif,72.09,7209.0,Healthy
GMW_N25E037_2009_v3.tif,73.44,7344.0,Healthy
GMW_N25E037_2010_v3.tif,74.7,7470.0,Healthy
GMW_N25E037_2015_v3.tif,78.12,7812.0,Healthy
GMW_N25E037_2016_v3.tif,77.67,7767.0,Healthy
GMW_N25E037_2017_v3.tif,78.21,7821.0,Healthy
GMW_N25E037_2018_v3.tif,79.83,7983.0,Healthy
GMW_N25E037_2019_v3.tif,77.94,7794.0,Healthy
GMW_N25E037_2020_v3.tif,71.64,7164.0,Healthy
GMW_N25E038_1996_v3.tif,46.89,4689.0,Moderate
GMW_N25E038_2007_v3.tif,54.54,5454.0,Healthy
GMW_N25E038_2008_v3.tif,66.15,6615.0,Healthy
GMW_N25E038_2009_v3.tif,92.88,9288.0,Healthy
GMW_N25E038_2010_v3.tif,87.84,8784.0,Healthy
GMW_N25E038_2015_v3.tif,56.25,5625.0,Healthy
GMW_N25E038_2016_v3.tif,54.72,5472.0,Healthy
GMW_N25E038_2017_v3.tif,68.49,6849.0,Healthy
GMW_N25E038_2018_v3.tif,73.35,7335.0,Healthy
GMW_N25E038_2019_v3.tif,75.06,7506.0,Healthy
GMW_N25E038_2020_v3.tif,85.23,8523.0,Healthy
GMW_N25E052_1996_v3.tif,7.38,738.0,Severe Loss
GMW_N25E052_2007_v3.tif,2.52,252.0,Severe Loss
GMW_N25E052_2008_v3.tif,2.34,234.0,Severe Loss
GMW_N25E052_2009_v3.tif,2.61,261.0,Severe Loss
GMW_N25E052_2010_v3.tif,2.43,243.0,Severe Loss
GMW_N25E052_2015_v3.tif,0.99,99.0,Severe Loss
GMW_N25E052_2016_v3.tif,0.9,90.0,Severe Loss
GMW_N25E052_2017_v3.tif,0.27,27.0,Severe Loss
GMW_N25E052_2018_v3.tif,0.54,54.0,Severe Loss
GMW_N25E052_2019_v3.tif,0.45,45.0,Severe Loss
GMW_N25E052_2020_v3.tif,0.27,27.0,Severe Loss
GMW_N25E053_1996_v3.tif,878.85,87885.0,Healthy
GMW_N25E053_2007_v3.tif,908.46,90846.0,Healthy
GMW_N25E053_2008_v3.tif,956.52,95652.0,Healthy
GMW_N25E053_2009_v3.tif,881.28,88128.0,Healthy
GMW_N25E053_2010_v3.tif,865.08,86508.0,Healthy
GMW_N25E053_2015_v3.tif,814.86,81486.0,Healthy
GMW_N25E053_2016_v3.tif,792.18,79218.0,Healthy
GMW_N25E053_2017_v3.tif,793.62,79362.0,Healthy
GMW_N25E053_2018_v3.tif,791.46,79146.0,Healthy
GMW_N25E053_2019_v3.tif,806.04,80604.0,Healthy
GMW_N25E053_2020_v3.tif,825.93,82593.0,Healthy
GMW_N25E054_1996_v3.tif,8954.55,895455.0,Healthy
GMW_N25E054_2007_v3.tif,9977.67,997767.0,Healthy
GMW_N25E054_2008_v3.tif,10983.06,1098306.0,Healthy
GMW_N25E054_2009_v3.tif,10695.06,1069506.0,Healthy
GMW_N25E054_2010_v3.tif,9627.57,962757.0,Healthy
GMW_N25E054_2015_v3.tif,8663.67,866367.0,Healthy
GMW_N25E054_2016_v3.tif,8519.22,851922.0,Healthy
GMW_N25E054_2017_v3.tif,8773.02,877302.0,Healthy
GMW_N25E054_2018_v3.tif,8885.97,888597.0,Healthy
GMW_N25E054_2019_v3.tif,8877.06,887706.0,Healthy
GMW_N25E054_2020_v3.tif,8928.27,892827.0,Healthy
GMW_N25E056_1996_v3.tif,170.55,17055.0,Healthy
GMW_N25E056_2007_v3.tif,146.34,14634.0,Healthy
GMW_N25E056_2008_v3.tif,127.98,12798.0,Healthy
GMW_N25E056_2009_v3.tif,128.25,12825.0,Healthy
GMW_N25E056_2010_v3.tif,129.24,12924.0,Healthy
GMW_N25E056_2015_v3.tif,125.37,12537.0,Healthy
GMW_N25E056_2016_v3.tif,127.08,12708.0,Healthy
GMW_N25E056_2017_v3.tif,125.91,12591.0,Healthy
GMW_N25E056_2018_v3.tif,132.75,13275.0,Healthy
GMW_N25E056_2019_v3.tif,139.32,13932.0,Healthy
GMW_N25E056_2020_v3.tif,147.78,14778.0,Healthy
GMW_N25E066_1996_v3.tif,2121.84,212184.0,Healthy
GMW_N25E066_2007_v3.tif,1918.26,191826.0,Healthy
GMW_N25E066_2008_v3.tif,1876.23,187623.0,Healthy
GMW_N25E066_2009_v3.tif,1883.7,188370.0,Healthy
GMW_N25E066_2010_v3.tif,1902.69,190269.0,Healthy
GMW_N25E066_2015_v3.tif,1916.64,191664.0,Healthy
GMW_N25E066_2016_v3.tif,1937.61,193761.0,Healthy
GMW_N25E066_2017_v3.tif,1947.24,194724.0,Healthy
GMW_N25E066_2018_v3.tif,1951.65,195165.0,Healthy
GMW_N25E066_2019_v3.tif,1904.4,190440.0,Healthy
GMW_N25E066_2020_v3.tif,1845.18,184518.0,Healthy
GMW_N25E067_1996_v3.tif,102196.08,10219608.0,Healthy
GMW_N25E067_2007_v3.tif,95641.92,9564192.0,Healthy
GMW_N25E067_2008_v3.tif,93822.03,9382203.0,Healthy
GMW_N25E067_2009_v3.tif,93522.87,9352287.0,Healthy
GMW_N25E067_2010_v3.tif,92223.81,9222381.0,Healthy
GMW_N25E067_2015_v3.tif,91120.77,9112077.0,Healthy
GMW_N25E067_2016_v3.tif,92509.2,9250920.0,Healthy
GMW_N25E067_2017_v3.tif,95595.21,9559521.0,Healthy
GMW_N25E067_2018_v3.tif,97393.23,9739323.0,Healthy
GMW_N25E067_2019_v3.tif,95495.4,9549540.0,Healthy
GMW_N25E067_2020_v3.tif,86424.66,8642466.0,Healthy
GMW_N25E068_1996_v3.tif,5019.84,501984.0,Healthy
GMW_N25E068_2007_v3.tif,4761.72,476172.0,Healthy
GMW_N25E068_2008_v3.tif,4607.91,460791.0,Healthy
GMW_N25E068_2009_v3.tif,4440.96,444096.0,Healthy
GMW_N25E068_2010_v3.tif,4364.28,436428.0,Healthy
GMW_N25E068_2015_v3.tif,4408.74,440874.0,Healthy
GMW_N25E068_2016_v3.tif,4454.28,445428.0,Healthy
GMW_N25E068_2017_v3.tif,4351.32,435132.0,Healthy
GMW_N25E068_2018_v3.tif,4286.88,428688.0,Healthy
GMW_N25E068_2019_v3.tif,4077.0,407700.0,Healthy
GMW_N25E068_2020_v3.tif,3505.77,350577.0,Healthy
GMW_N26E036_1996_v3.tif,2305.26,230526.0,Healthy
GMW_N26E036_2007_v3.tif,2371.32,237132.0,Healthy
GMW_N26E036_2008_v3.tif,2375.73,237573.0,Healthy
GMW_N26E036_2009_v3.tif,2418.48,241848.0,Healthy
GMW_N26E036_2010_v3.tif,2406.24,240624.0,Healthy
GMW_N26E036_2015_v3.tif,2392.29,239229.0,Healthy
GMW_N26E036_2016_v3.tif,2361.87,236187.0,Healthy
GMW_N26E036_2017_v3.tif,2363.31,236331.0,Healthy
GMW_N26E036_2018_v3.tif,2344.68,234468.0,Healthy
GMW_N26E036_2019_v3.tif,2274.48,227448.0,Healthy
GMW_N26E036_2020_v3.tif,2183.4,218340.0,Healthy
GMW_N26E037_1996_v3.tif,66.15,6615.0,Healthy
GMW_N26E037_2007_v3.tif,74.79,7479.0,Healthy
GMW_N26E037_2008_v3.tif,76.86,7686.0,Healthy
GMW_N26E037_2009_v3.tif,79.92,7992.0,Healthy
GMW_N26E037_2010_v3.tif,80.64,8064.0,Healthy
GMW_N26E037_2015_v3.tif,80.28,8028.0,Healthy
GMW_N26E037_2016_v3.tif,80.55,8055.0,Healthy
GMW_N26E037_2017_v3.tif,79.38,7938.0,Healthy
GMW_N26E037_2018_v3.tif,78.75,7875.0,Healthy
GMW_N26E037_2019_v3.tif,77.49,7749.0,Healthy
GMW_N26E037_2020_v3.tif,75.33,7533.0,Healthy
GMW_N26E050_1996_v3.tif,7.83,783.0,Severe Loss
GMW_N26E050_2007_v3.tif,4.41,441.0,Severe Loss
GMW_N26E050_2008_v3.tif,8.19,819.0,Severe Loss
GMW_N26E050_2009_v3.tif,9.45,945.0,Severe Loss
GMW_N26E050_2010_v3.tif,7.2,720.0,Severe Loss
GMW_N26E050_2015_v3.tif,1.89,189.0,Severe Loss
GMW_N26E050_2016_v3.tif,0.45,45.0,Severe Loss
GMW_N26E050_2017_v3.tif,1.53,153.0,Severe Loss
GMW_N26E050_2018_v3.tif,3.6,360.0,Severe Loss
GMW_N26E050_2019_v3.tif,2.79,279.0,Severe Loss
GMW_N26E050_2020_v3.tif,0.36,36.0,Severe Loss
GMW_N26E051_1996_v3.tif,660.78,66078.0,Healthy
GMW_N26E051_2007_v3.tif,666.36,66636.0,Healthy
GMW_N26E051_2008_v3.tif,674.82,67482.0,Healthy
GMW_N26E051_2009_v3.tif,667.35,66735.0,Healthy
GMW_N26E051_2010_v3.tif,665.1,66510.0,Healthy
GMW_N26E051_2015_v3.tif,653.49,65349.0,Healthy
GMW_N26E051_2016_v3.tif,665.37,66537.0,Healthy
GMW_N26E051_2017_v3.tif,658.89,65889.0,Healthy
GMW_N26E051_2018_v3.tif,689.94,68994.0,Healthy
GMW_N26E051_2019_v3.tif,698.4,69840.0,Healthy
GMW_N26E051_2020_v3.tif,698.94,69894.0,Healthy
GMW_N26E055_1996_v3.tif,1976.4,197640.0,Healthy
GMW_N26E055_2007_v3.tif,1819.89,181989.0,Healthy
GMW_N26E055_2008_v3.tif,1730.61,173061.0,Healthy
GMW_N26E055_2009_v3.tif,1722.24,172224.0,Healthy
GMW_N26E055_2010_v3.tif,1756.71,175671.0,Healthy
GMW_N26E055_2015_v3.tif,1848.69,184869.0,Healthy
GMW_N26E055_2016_v3.tif,1838.79,183879.0,Healthy
GMW_N26E055_2017_v3.tif,1841.22,184122.0,Healthy
GMW_N26E055_2018_v3.tif,1913.13,191313.0,Healthy
GMW_N26E055_2019_v3.tif,1948.59,194859.0,Healthy
GMW_N26E055_2020_v3.tif,1844.01,184401.0,Healthy
GMW_N26E056_1996_v3.tif,400.41,40041.0,Healthy
GMW_N26E056_2007_v3.tif,258.66,25866.0,Healthy
GMW_N26E056_2008_v3.tif,210.15,21015.0,Healthy
GMW_N26E056_2009_v3.tif,195.03,19503.0,Healthy
GMW_N26E056_2010_v3.tif,202.32,20232.0,Healthy
GMW_N26E056_2015_v3.tif,254.25,25425.0,Healthy
GMW_N26E056_2016_v3.tif,267.48,26748.0,Healthy
GMW_N26E056_2017_v3.tif,277.92,27792.0,Healthy
GMW_N26E056_2018_v3.tif,284.76,28476.0,Healthy
GMW_N26E056_2019_v3.tif,307.53,30753.0,Healthy
GMW_N26E056_2020_v3.tif,314.28,31428.0,Healthy
GMW_N26E057_1996_v3.tif,101.34,10134.0,Healthy
GMW_N26E057_2007_v3.tif,85.59,8559.0,Healthy
GMW_N26E057_2008_v3.tif,81.45,8145.0,Healthy
GMW_N26E057_2009_v3.tif,81.54,8154.0,Healthy
GMW_N26E057_2010_v3.tif,78.21,7821.0,Healthy
GMW_N26E057_2015_v3.tif,78.48,7848.0,Healthy
GMW_N26E057_2016_v3.tif,81.54,8154.0,Healthy
GMW_N26E057_2017_v3.tif,83.43,8343.0,Healthy
GMW_N26E057_2018_v3.tif,88.56,8856.0,Healthy
GMW_N26E057_2019_v3.tif,86.49,8649.0,Healthy
GMW_N26E057_2020_v3.tif,83.7,8370.0,Healthy
GMW_N26E058_1996_v3.tif,1354.5,135450.0,Healthy
GMW_N26E058_2007_v3.tif,941.58,94158.0,Healthy
GMW_N26E058_2008_v3.tif,893.16,89316.0,Healthy
GMW_N26E058_2009_v3.tif,912.51,91251.0,Healthy
GMW_N26E058_2010_v3.tif,894.78,89478.0,Healthy
GMW_N26E058_2015_v3.tif,909.0,90900.0,Healthy
GMW_N26E058_2016_v3.tif,992.97,99297.0,Healthy
GMW_N26E058_2017_v3.tif,1070.91,107091.0,Healthy
GMW_N26E058_2018_v3.tif,1108.71,110871.0,Healthy
GMW_N26E058_2019_v3.tif,1097.37,109737.0,Healthy
GMW_N26E058_2020_v3.tif,1074.06,107406.0,Healthy
GMW_N26E061_1996_v3.tif,1403.82,140382.0,Healthy
GMW_N26E061_2007_v3.tif,1050.12,105012.0,Healthy
GMW_N26E061_2008_v3.tif,859.59,85959.0,Healthy
GMW_N26E061_2009_v3.tif,868.86,86886.0,Healthy
GMW_N26E061_2010_v3.tif,895.77,89577.0,Healthy
GMW_N26E061_2015_v3.tif,1102.05,110205.0,Healthy
GMW_N26E061_2016_v3.tif,1210.41,121041.0,Healthy
GMW_N26E061_2017_v3.tif,1252.89,125289.0,Healthy
GMW_N26E061_2018_v3.tif,1270.8,127080.0,Healthy
GMW_N26E061_2019_v3.tif,1112.85,111285.0,Healthy
GMW_N26E061_2020_v3.tif,1009.08,100908.0,Healthy
GMW_N26E063_1996_v3.tif,124.65,12465.0,Healthy
GMW_N26E063_2007_v3.tif,109.44,10944.0,Healthy
GMW_N26E063_2008_v3.tif,115.11,11511.0,Healthy
GMW_N26E063_2009_v3.tif,122.94,12294.0,Healthy
GMW_N26E063_2010_v3.tif,136.62,13662.0,Healthy
GMW_N26E063_2015_v3.tif,154.17,15417.0,Healthy
GMW_N26E063_2016_v3.tif,173.61,17361.0,Healthy
GMW_N26E063_2017_v3.tif,183.33,18333.0,Healthy
GMW_N26E063_2018_v3.tif,188.55,18855.0,Healthy
GMW_N26E063_2019_v3.tif,178.92,17892.0,Healthy
GMW_N26E063_2020_v3.tif,164.52,16452.0,Healthy
GMW_N26E064_1996_v3.tif,592.65,59265.0,Healthy
GMW_N26E064_2007_v3.tif,524.88,52488.0,Healthy
GMW_N26E064_2008_v3.tif,523.26,52326.0,Healthy
GMW_N26E064_2009_v3.tif,562.86,56286.0,Healthy
GMW_N26E064_2010_v3.tif,570.87,57087.0,Healthy
GMW_N26E064_2015_v3.tif,584.55,58455.0,Healthy
GMW_N26E064_2016_v3.tif,605.16,60516.0,Healthy
GMW_N26E064_2017_v3.tif,647.19,64719.0,Healthy
GMW_N26E064_2018_v3.tif,652.23,65223.0,Healthy
GMW_N26E064_2019_v3.tif,526.5,52650.0,Healthy
GMW_N26E064_2020_v3.tif,454.23,45423.0,Healthy
GMW_N26E066_1996_v3.tif,7679.25,767925.0,Healthy
GMW_N26E066_2007_v3.tif,6714.27,671427.0,Healthy
GMW_N26E066_2008_v3.tif,6508.71,650871.0,Healthy
GMW_N26E066_2009_v3.tif,6662.52,666252.0,Healthy
GMW_N26E066_2010_v3.tif,6918.48,691848.0,Healthy
GMW_N26E066_2015_v3.tif,7179.75,717975.0,Healthy
GMW_N26E066_2016_v3.tif,7163.82,716382.0,Healthy
GMW_N26E066_2017_v3.tif,7101.18,710118.0,Healthy
GMW_N26E066_2018_v3.tif,7054.92,705492.0,Healthy
GMW_N26E066_2019_v3.tif,6830.91,683091.0,Healthy
GMW_N26E066_2020_v3.tif,6753.24,675324.0,Healthy
GMW_N27E035_1996_v3.tif,1.8,180.0,Severe Loss
GMW_N27E035_2007_v3.tif,1.8,180.0,Severe Loss
GMW_N27E035_2008_v3.tif,1.62,162.0,Severe Loss
GMW_N27E035_2009_v3.tif,1.53,153.0,Severe Loss
GMW_N27E035_2010_v3.tif,1.98,198.0,Severe Loss
GMW_N27E035_2015_v3.tif,2.25,225.0,Severe Loss
GMW_N27E035_2016_v3.tif,2.07,207.0,Severe Loss
GMW_N27E035_2017_v3.tif,1.89,189.0,Severe Loss
GMW_N27E035_2018_v3.tif,1.89,189.0,Severe Loss
GMW_N27E035_2019_v3.tif,1.8,180.0,Severe Loss
GMW_N27E035_2020_v3.tif,2.07,207.0,Severe Loss
GMW_N27E036_1996_v3.tif,99.36,9936.0,Healthy
GMW_N27E036_2007_v3.tif,93.96,9396.0,Healthy
GMW_N27E036_2008_v3.tif,91.44,9144.0,Healthy
GMW_N27E036_2009_v3.tif,95.76,9576.0,Healthy
GMW_N27E036_2010_v3.tif,100.98,10098.0,Healthy
GMW_N27E036_2015_v3.tif,97.65,9765.0,Healthy
GMW_N27E036_2016_v3.tif,103.86,10386.0,Healthy
GMW_N27E036_2017_v3.tif,99.18,9918.0,Healthy
GMW_N27E036_2018_v3.tif,104.76,10476.0,Healthy
GMW_N27E036_2019_v3.tif,100.08,10008.0,Healthy
GMW_N27E036_2020_v3.tif,91.17,9117.0,Healthy
GMW_N27E049_1996_v3.tif,101.7,10170.0,Healthy
GMW_N27E049_2007_v3.tif,206.55,20655.0,Healthy
GMW_N27E049_2008_v3.tif,221.85,22185.0,Healthy
GMW_N27E049_2009_v3.tif,221.4,22140.0,Healthy
GMW_N27E049_2010_v3.tif,177.21,17721.0,Healthy
GMW_N27E049_2015_v3.tif,102.33,10233.0,Healthy
GMW_N27E049_2016_v3.tif,97.83,9783.0,Healthy
GMW_N27E049_2017_v3.tif,97.47,9747.0,Healthy
GMW_N27E049_2018_v3.tif,97.2,9720.0,Healthy
GMW_N27E049_2019_v3.tif,98.1,9810.0,Healthy
GMW_N27E049_2020_v3.tif,98.73,9873.0,Healthy
GMW_N27E050_1996_v3.tif,544.14,54414.0,Healthy
GMW_N27E050_2007_v3.tif,831.78,83178.0,Healthy
GMW_N27E050_2008_v3.tif,899.73,89973.0,Healthy
GMW_N27E050_2009_v3.tif,989.64,98964.0,Healthy
GMW_N27E050_2010_v3.tif,898.2,89820.0,Healthy
GMW_N27E050_2015_v3.tif,491.67,49167.0,Healthy
GMW_N27E050_2016_v3.tif,466.02,46602.0,Healthy
GMW_N27E050_2017_v3.tif,465.84,46584.0,Healthy
GMW_N27E050_2018_v3.tif,458.19,45819.0,Healthy
GMW_N27E050_2019_v3.tif,458.82,45882.0,Healthy
GMW_N27E050_2020_v3.tif,466.74,46674.0,Healthy
GMW_N27E051_1996_v3.tif,40.68,4068.0,Moderate
GMW_N27E051_2007_v3.tif,42.66,4266.0,Moderate
GMW_N27E051_2008_v3.tif,41.85,4185.0,Moderate
GMW_N27E051_2009_v3.tif,39.87,3987.0,Moderate
GMW_N27E051_2010_v3.tif,38.88,3888.0,Moderate
GMW_N27E051_2015_v3.tif,41.94,4194.0,Moderate
GMW_N27E051_2016_v3.tif,42.21,4221.0,Moderate
GMW_N27E051_2017_v3.tif,54.0,5400.0,Healthy
GMW_N27E051_2018_v3.tif,55.44,5544.0,Healthy
GMW_N27E051_2019_v3.tif,55.26,5526.0,Healthy
GMW_N27E051_2020_v3.tif,54.54,5454.0,Healthy
GMW_N27E055_1996_v3.tif,15954.75,1595475.0,Healthy
GMW_N27E055_2007_v3.tif,14004.09,1400409.0,Healthy
GMW_N27E055_2008_v3.tif,12470.31,1247031.0,Healthy
GMW_N27E055_2009_v3.tif,12360.15,1236015.0,Healthy
GMW_N27E055_2010_v3.tif,12386.25,1238625.0,Healthy
GMW_N27E055_2015_v3.tif,12707.01,1270701.0,Healthy
GMW_N27E055_2016_v3.tif,11909.16,1190916.0,Healthy
GMW_N27E055_2017_v3.tif,11704.5,1170450.0,Healthy
GMW_N27E055_2018_v3.tif,11726.19,1172619.0,Healthy
GMW_N27E055_2019_v3.tif,11997.9,1199790.0,Healthy
GMW_N27E055_2020_v3.tif,10992.06,1099206.0,Healthy
GMW_N27E056_1996_v3.tif,46.89,4689.0,Moderate
GMW_N27E056_2007_v3.tif,46.35,4635.0,Moderate
GMW_N27E056_2008_v3.tif,47.52,4752.0,Moderate
GMW_N27E056_2009_v3.tif,55.71,5571.0,Healthy
GMW_N27E056_2010_v3.tif,59.4,5940.0,Healthy
GMW_N27E056_2015_v3.tif,69.12,6912.0,Healthy
GMW_N27E056_2016_v3.tif,74.07,7407.0,Healthy
GMW_N27E056_2017_v3.tif,75.87,7587.0,Healthy
GMW_N27E056_2018_v3.tif,83.25,8325.0,Healthy
GMW_N27E056_2019_v3.tif,106.29,10629.0,Healthy
GMW_N27E056_2020_v3.tif,104.85,10485.0,Healthy
GMW_N27E057_1996_v3.tif,2023.83,202383.0,Healthy
GMW_N27E057_2007_v3.tif,1345.32,134532.0,Healthy
GMW_N27E057_2008_v3.tif,1206.45,120645.0,Healthy
GMW_N27E057_2009_v3.tif,1249.47,124947.0,Healthy
GMW_N27E057_2010_v3.tif,1327.23,132723.0,Healthy
GMW_N27E057_2015_v3.tif,1454.58,145458.0,Healthy
GMW_N27E057_2016_v3.tif,1409.49,140949.0,Healthy
GMW_N27E057_2017_v3.tif,1422.45,142245.0,Healthy
GMW_N27E057_2018_v3.tif,1451.52,145152.0,Healthy
GMW_N27E057_2019_v3.tif,1506.6,150660.0,Healthy
GMW_N27E057_2020_v3.tif,1498.68,149868.0,Healthy
GMW_N28E035_1996_v3.tif,51.3,5130.0,Healthy
GMW_N28E035_2007_v3.tif,35.37,3537.0,Moderate
GMW_N28E035_2008_v3.tif,29.79,2979.0,Moderate
GMW_N28E035_2009_v3.tif,38.34,3834.0,Moderate
GMW_N28E035_2010_v3.tif,50.22,5022.0,Healthy
GMW_N28E035_2015_v3.tif,54.81,5481.0,Healthy
GMW_N28E035_2016_v3.tif,50.4,5040.0,Healthy
GMW_N28E035_2017_v3.tif,54.0,5400.0,Healthy
GMW_N28E035_2018_v3.tif,61.2,6120.0,Healthy
GMW_N28E035_2019_v3.tif,58.86,5886.0,Healthy
GMW_N28E035_2020_v3.tif,53.91,5391.0,Healthy
GMW_N28E049_1996_v3.tif,1172.52,117252.0,Healthy
GMW_N28E049_2007_v3.tif,4620.33,462033.0,Healthy
GMW_N28E049_2008_v3.tif,5592.87,559287.0,Healthy
GMW_N28E049_2009_v3.tif,4854.33,485433.0,Healthy
GMW_N28E049_2010_v3.tif,2751.12,275112.0,Healthy
GMW_N28E049_2015_v3.tif,1169.73,116973.0,Healthy
GMW_N28E049_2016_v3.tif,1063.89,106389.0,Healthy
GMW_N28E049_2017_v3.tif,1089.45,108945.0,Healthy
GMW_N28E049_2018_v3.tif,1039.14,103914.0,Healthy
GMW_N28E049_2019_v3.tif,1044.18,104418.0,Healthy
GMW_N28E049_2020_v3.tif,1060.02,106002.0,Healthy
GMW_N28E055_1996_v3.tif,326.52,32652.0,Healthy
GMW_N28E055_2007_v3.tif,194.31,19431.0,Healthy
GMW_N28E055_2008_v3.tif,147.78,14778.0,Healthy
GMW_N28E055_2009_v3.tif,140.22,14022.0,Healthy
GMW_N28E055_2010_v3.tif,137.25,13725.0,Healthy
GMW_N28E055_2015_v3.tif,168.75,16875.0,Healthy
GMW_N28E055_2016_v3.tif,158.49,15849.0,Healthy
GMW_N28E055_2017_v3.tif,159.21,15921.0,Healthy
GMW_N28E055_2018_v3.tif,153.99,15399.0,Healthy
GMW_N28E055_2019_v3.tif,166.77,16677.0,Healthy
GMW_N28E055_2020_v3.tif,159.57,15957.0,Healthy
GMW_N28E056_1996_v3.tif,3131.82,313182.0,Healthy
GMW_N28E056_2007_v3.tif,2250.63,225063.0,Healthy
GMW_N28E056_2008_v3.tif,1939.41,193941.0,Healthy
GMW_N28E056_2009_v3.tif,2159.46,215946.0,Healthy
GMW_N28E056_2010_v3.tif,2228.31,222831.0,Healthy
GMW_N28E056_2015_v3.tif,2246.22,224622.0,Healthy
GMW_N28E056_2016_v3.tif,2156.76,215676.0,Healthy
GMW_N28E056_2017_v3.tif,2070.54,207054.0,Healthy
GMW_N28E056_2018_v3.tif,2164.5,216450.0,Healthy
GMW_N28E056_2019_v3.tif,2491.56,249156.0,Healthy
GMW_N28E056_2020_v3.tif,2501.01,250101.0,Healthy
GMW_N29E034_1996_v3.tif,52.02,5202.0,Healthy
GMW_N29E034_2007_v3.tif,48.87,4887.0,Moderate
GMW_N29E034_2008_v3.tif,46.17,4617.0,Moderate
GMW_N29E034_2009_v3.tif,45.9,4590.0,Moderate
GMW_N29E034_2010_v3.tif,45.36,4536.0,Moderate
GMW_N29E034_2015_v3.tif,45.81,4581.0,Moderate
GMW_N29E034_2016_v3.tif,43.83,4383.0,Moderate
GMW_N29E034_2017_v3.tif,43.65,4365.0,Moderate
GMW_N29E034_2018_v3.tif,44.19,4419.0,Moderate
GMW_N29E034_2019_v3.tif,43.92,4392.0,Moderate
GMW_N29E034_2020_v3.tif,43.38,4338.0,Moderate
GMW_S04E055_1996_v3.tif,82.62,8262.0,Healthy
GMW_S04E055_2007_v3.tif,84.06,8406.0,Healthy
GMW_S04E055_2008_v3.tif,84.06,8406.0,Healthy
GMW_S04E055_2009_v3.tif,84.42,8442.0,Healthy
GMW_S04E055_2010_v3.tif,83.34,8334.0,Healthy
GMW_S04E055_2015_v3.tif,82.26,8226.0,Healthy
GMW_S04E055_2016_v3.tif,80.28,8028.0,Healthy
GMW_S04E055_2017_v3.tif,80.55,8055.0,Healthy
GMW_S04E055_2018_v3.tif,81.09,8109.0,Healthy
GMW_S04E055_2019_v3.tif,82.53,8253.0,Healthy
GMW_S04E055_2020_v3.tif,82.35,8235.0,Healthy
GMW_S05E053_1996_v3.tif,49.86,4986.0,Moderate
GMW_S05E053_2007_v3.tif,49.86,4986.0,Moderate
GMW_S05E053_2008_v3.tif,49.86,4986.0,Moderate
GMW_S05E053_2009_v3.tif,49.86,4986.0,Moderate
GMW_S05E053_2010_v3.tif,49.86,4986.0,Moderate
GMW_S05E053_2015_v3.tif,49.86,4986.0,Moderate
GMW_S05E053_2016_v3.tif,49.86,4986.0,Moderate
GMW_S05E053_2017_v3.tif,49.86,4986.0,Moderate
GMW_S05E053_2018_v3.tif,49.86,4986.0,Moderate
GMW_S05E053_2019_v3.tif,49.86,4986.0,Moderate
GMW_S05E053_2020_v3.tif,49.86,4986.0,Moderate
GMW_S09E046_1996_v3.tif,257.13,25713.0,Healthy
GMW_S09E046_2007_v3.tif,257.13,25713.0,Healthy
GMW_S09E046_2008_v3.tif,257.13,25713.0,Healthy
GMW_S09E046_2009_v3.tif,257.13,25713.0,Healthy
GMW_S09E046_2010_v3.tif,257.13,25713.0,Healthy
GMW_S09E046_2015_v3.tif,257.13,25713.0,Healthy
GMW_S09E046_2016_v3.tif,257.13,25713.0,Healthy
GMW_S09E046_2017_v3.tif,257.13,25713.0,Healthy
GMW_S09E046_2018_v3.tif,257.13,25713.0,Healthy
GMW_S09E046_2019_v3.tif,257.13,25713.0,Healthy
GMW_S09E046_2020_v3.tif,257.13,25713.0,Healthy
GMW_S09E047_1996_v3.tif,183.51,18351.0,Healthy
GMW_S09E047_2007_v3.tif,183.51,18351.0,Healthy
GMW_S09E047_2008_v3.tif,183.51,18351.0,Healthy
GMW_S09E047_2009_v3.tif,183.51,18351.0,Healthy
GMW_S09E047_2010_v3.tif,183.51,18351.0,Healthy
GMW_S09E047_2015_v3.tif,183.51,18351.0,Healthy
GMW_S09E047_2016_v3.tif,183.51,18351.0,Healthy
GMW_S09E047_2017_v3.tif,183.51,18351.0,Healthy
GMW_S09E047_2018_v3.tif,183.51,18351.0,Healthy
GMW_S09E047_2019_v3.tif,183.51,18351.0,Healthy
GMW_S09E047_2020_v3.tif,183.51,18351.0,Healthy
GMW_S10E047_1996_v3.tif,0.63,63.0,Severe Loss
GMW_S10E047_2007_v3.tif,0.63,63.0,Severe Loss
GMW_S10E047_2008_v3.tif,0.63,63.0,Severe Loss
GMW_S10E047_2009_v3.tif,0.63,63.0,Severe Loss
GMW_S10E047_2010_v3.tif,0.63,63.0,Severe Loss
GMW_S10E047_2015_v3.tif,0.63,63.0,Severe Loss
GMW_S10E047_2016_v3.tif,0.63,63.0,Severe Loss
GMW_S10E047_2017_v3.tif,0.63,63.0,Severe Loss
GMW_S10E047_2018_v3.tif,0.63,63.0,Severe Loss
GMW_S10E047_2019_v3.tif,0.63,63.0,Severe Loss
GMW_S10E047_2020_v3.tif,0.63,63.0,Severe Loss
GMW_S11E043_1996_v3.tif,12.06,1206.0,Moderate
GMW_S11E043_2007_v3.tif,12.15,1215.0,Moderate
GMW_S11E043_2008_v3.tif,12.24,1224.0,Moderate
GMW_S11E043_2009_v3.tif,12.42,1242.0,Moderate
GMW_S11E043_2010_v3.tif,12.42,1242.0,Moderate
GMW_S11E043_2015_v3.tif,12.24,1224.0,Moderate
GMW_S11E043_2016_v3.tif,12.15,1215.0,Moderate
GMW_S11E043_2017_v3.tif,11.88,1188.0,Moderate
GMW_S11E043_2018_v3.tif,12.15,1215.0,Moderate
GMW_S11E043_2019_v3.tif,12.15,1215.0,Moderate
GMW_S11E043_2020_v3.tif,12.15,1215.0,Moderate
GMW_S12E043_1996_v3.tif,120.33,12033.0,Healthy
GMW_S12E043_2007_v3.tif,121.95,12195.0,Healthy
GMW_S12E043_2008_v3.tif,123.03,12303.0,Healthy
GMW_S12E043_2009_v3.tif,123.12,12312.0,Healthy
GMW_S12E043_2010_v3.tif,121.14,12114.0,Healthy
GMW_S12E043_2015_v3.tif,118.89,11889.0,Healthy
GMW_S12E043_2016_v3.tif,118.53,11853.0,Healthy
GMW_S12E043_2017_v3.tif,119.7,11970.0,Healthy
GMW_S12E043_2018_v3.tif,121.86,12186.0,Healthy
GMW_S12E043_2019_v3.tif,122.13,12213.0,Healthy
GMW_S12E043_2020_v3.tif,120.69,12069.0,Healthy
GMW_S12E044_1996_v3.tif,14.04,1404.0,Moderate
GMW_S12E044_2007_v3.tif,14.04,1404.0,Moderate
GMW_S12E044_2008_v3.tif,13.95,1395.0,Moderate
GMW_S12E044_2009_v3.tif,13.77,1377.0,Moderate
GMW_S12E044_2010_v3.tif,13.5,1350.0,Moderate
GMW_S12E044_2015_v3.tif,12.96,1296.0,Moderate
GMW_S12E044_2016_v3.tif,12.6,1260.0,Moderate
GMW_S12E044_2017_v3.tif,13.14,1314.0,Moderate
GMW_S12E044_2018_v3.tif,14.4,1440.0,Moderate
GMW_S12E044_2019_v3.tif,14.4,1440.0,Moderate
GMW_S12E044_2020_v3.tif,14.04,1404.0,Moderate
GMW_S12E045_1996_v3.tif,1026.99,102699.0,Healthy
GMW_S12E045_2007_v3.tif,1044.45,104445.0,Healthy
GMW_S12E045_2008_v3.tif,1054.8,105480.0,Healthy
GMW_S12E045_2009_v3.tif,1054.44,105444.0,Healthy
GMW_S12E045_2010_v3.tif,1050.66,105066.0,Healthy
GMW_S12E045_2015_v3.tif,1031.58,103158.0,Healthy
GMW_S12E045_2016_v3.tif,1022.67,102267.0,Healthy
GMW_S12E045_2017_v3.tif,1024.65,102465.0,Healthy
GMW_S12E045_2018_v3.tif,1035.36,103536.0,Healthy
GMW_S12E045_2019_v3.tif,1037.43,103743.0,Healthy
GMW_S12E045_2020_v3.tif,1024.83,102483.0,Healthy
GMW_S19E057_1996_v3.tif,6.21,621.0,Severe Loss
GMW_S19E057_2007_v3.tif,6.21,621.0,Severe Loss
GMW_S19E057_2008_v3.tif,5.67,567.0,Severe Loss
GMW_S19E057_2009_v3.tif,5.67,567.0,Severe Loss
GMW_S19E057_2010_v3.tif,5.67,567.0,Severe Loss
GMW_S19E057_2015_v3.tif,5.58,558.0,Severe Loss
GMW_S19E057_2016_v3.tif,5.4,540.0,Severe Loss
GMW_S19E057_2017_v3.tif,6.21,621.0,Severe Loss
GMW_S19E057_2018_v3.tif,6.66,666.0,Severe Loss
GMW_S19E057_2019_v3.tif,6.57,657.0,Severe Loss
GMW_S19E057_2020_v3.tif,5.94,594.0,Severe Loss
GMW_S20E057_1996_v3.tif,864.99,86499.0,Healthy
GMW_S20E057_2007_v3.tif,669.6,66960.0,Healthy
GMW_S20E057_2008_v3.tif,636.66,63666.0,Healthy
GMW_S20E057_2009_v3.tif,621.27,62127.0,Healthy
GMW_S20E057_2010_v3.tif,609.84,60984.0,Healthy
GMW_S20E057_2015_v3.tif,602.73,60273.0,Healthy
GMW_S20E057_2016_v3.tif,598.95,59895.0,Healthy
GMW_S20E057_2017_v3.tif,585.09,58509.0,Healthy
GMW_S20E057_2018_v3.tif,589.59,58959.0,Healthy
GMW_S20E057_2019_v3.tif,607.59,60759.0,Healthy
GMW_S20E057_2020_v3.tif,618.39,61839.0,Healthy
GMW_S22E040_1996_v3.tif,1074.33,107433.0,Healthy
GMW_S22E040_2007_v3.tif,1074.33,107433.0,Healthy
GMW_S22E040_2008_v3.tif,1074.33,107433.0,Healthy
GMW_S22E040_2009_v3.tif,1074.33,107433.0,Healthy
GMW_S22E040_2010_v3.tif,1074.33,107433.0,Healthy
GMW_S22E040_2015_v3.tif,1074.33,107433.0,Healthy
GMW_S22E040_2016_v3.tif,1074.33,107433.0,Healthy
GMW_S22E040_2017_v3.tif,1074.33,107433.0,Healthy
GMW_S22E040_2018_v3.tif,1074.33,107433.0,Healthy
GMW_S22E040_2019_v3.tif,1074.33,107433.0,Healthy
GMW_S22E040_2020_v3.tif,1074.33,107433.0,Healthy
